n,m,sigma,eps,algo_id,algo_name,rounds,avg_time,median_time,max_time,avg_ratio,median_ratio,max_ratio
10000,2000,1000,0.1,0,"Brute force",3,0.00224949,0.0021645,0.0024245,0,0,0
10000,2000,1000,0.1,1,"Projection to 2/eps alphabet",3,0.0444136,0.0435969,0.0461431,0.0509094,0.051105,0.0531469
10000,2000,1000,0.1,2,"Sqrt",3,0.000366444,0.000372125,0.000372833,0,0,0
10000,2000,1000,0.1,3,"Heuristic 1: sum(bucket_mass)^2",3,0.0372686,0.0372992,0.0374448,0.0435795,0.047749,0.052349
10000,2000,1000,0.1,4,"Heuristic 2: sum(max freq over windows)^2",3,0.0378575,0.037864,0.0378964,0.045711,0.0500677,0.0521978
10000,2000,1000,0.1,5,"Heuristic 3: sum(weighted_bucket_mass)^2",3,0.0366527,0.0366669,0.0366707,0.0531271,0.0530726,0.0551724
100000,20000,1000,0.1,0,"Brute force",3,0.146148,0.146275,0.146303,0,0,0
100000,20000,1000,0.1,1,"Projection to 2/eps alphabet",3,0.517536,0.518937,0.521892,0.0496754,0.0497314,0.05
100000,20000,1000,0.1,2,"Sqrt",3,0.00364532,0.00365029,0.00365313,0,0,0
100000,20000,1000,0.1,3,"Heuristic 1: sum(bucket_mass)^2",3,0.56,0.541935,0.623934,0.0480858,0.0481431,0.0484624
100000,20000,1000,0.1,4,"Heuristic 2: sum(max freq over windows)^2",3,0.536166,0.534872,0.539445,0.0433434,0.0486628,0.0493056
100000,20000,1000,0.1,5,"Heuristic 3: sum(weighted_bucket_mass)^2",3,0.517269,0.515491,0.523383,0.0496646,0.0495766,0.0514483
1000000,200000,1000,0.1,0,"Brute force",3,14.3542,14.3392,14.3968,0,0,0
1000000,200000,1000,0.1,1,"Projection to 2/eps alphabet",3,12.252,12.2641,12.2754,0.0492226,0.0491968,0.0493423
1000000,200000,1000,0.1,2,"Sqrt",3,0.0780715,0.0782375,0.0803291,0,0,0
1000000,200000,1000,0.1,3,"Heuristic 1: sum(bucket_mass)^2",3,10.9587,10.9492,11.1077,0.0444969,0.0460974,0.0467873
1000000,200000,1000,0.1,4,"Heuristic 2: sum(max freq over windows)^2",3,11.1062,11.1192,11.1202,0.0444213,0.0461063,0.0478547
1000000,200000,1000,0.1,5,"Heuristic 3: sum(weighted_bucket_mass)^2",3,10.8674,10.8748,10.8848,0.0480826,0.0474265,0.0495163
1000000,50000,1000,0.1,0,"Brute force",3,4.29519,4.29656,4.29834,0,0,0
1000000,50000,1000,0.1,1,"Projection to 2/eps alphabet",3,12.0282,12.0234,12.0766,0.0495315,0.0491484,0.0503246
1000000,50000,1000,0.1,2,"Sqrt",3,0.0677662,0.0678367,0.0684419,0,0,0
1000000,50000,1000,0.1,3,"Heuristic 1: sum(bucket_mass)^2",3,10.7522,10.7382,10.7833,0.0463496,0.0479429,0.0490937
1000000,50000,1000,0.1,4,"Heuristic 2: sum(max freq over windows)^2",3,11.1137,11.0933,11.1767,0.0491081,0.0491877,0.049477
1000000,50000,1000,0.1,5,"Heuristic 3: sum(weighted_bucket_mass)^2",3,10.8736,10.8658,10.8896,0.0493443,0.0490583,0.0500166
1000000,100000,1000,0.1,0,"Brute force",3,8.0872,8.073,8.12873,0,0,0
1000000,100000,1000,0.1,1,"Projection to 2/eps alphabet",3,12.2688,12.155,12.5144,0.049519,0.0495199,0.0497085
1000000,100000,1000,0.1,2,"Sqrt",3,0.0692199,0.0690474,0.0700558,0,0,0
1000000,100000,1000,0.1,3,"Heuristic 1: sum(bucket_mass)^2",3,10.9289,10.9346,10.9748,0.046552,0.0464102,0.0474241
1000000,100000,1000,0.1,4,"Heuristic 2: sum(max freq over windows)^2",3,11.1324,11.1101,11.185,0.0488924,0.0488775,0.0491316
1000000,100000,1000,0.1,5,"Heuristic 3: sum(weighted_bucket_mass)^2",3,10.9565,10.9321,11.0284,0.0492805,0.0490633,0.0498466
1000000,400000,1000,0.1,0,"Brute force",3,21.4572,21.4523,21.503,0,0,0
1000000,400000,1000,0.1,1,"Projection to 2/eps alphabet",3,12.4949,12.3627,12.803,0.0490935,0.0490643,0.0492377
1000000,400000,1000,0.1,2,"Sqrt",3,0.0871166,0.084073,0.0941751,0,0,0
1000000,400000,1000,0.1,3,"Heuristic 1: sum(bucket_mass)^2",3,11.0115,11.0022,11.0609,0.0443226,0.0463368,0.0474329
1000000,400000,1000,0.1,4,"Heuristic 2: sum(max freq over windows)^2",3,11.2401,11.1725,11.3956,0.0422047,0.0417747,0.0487423
1000000,400000,1000,0.1,5,"Heuristic 3: sum(weighted_bucket_mass)^2",3,11.1939,11.201,11.2874,0.0481711,0.0487334,0.0489119
1000000,500000,1000,0.1,0,"Brute force",3,22.589,22.6029,22.6463,0,0,0
1000000,500000,1000,0.1,1,"Projection to 2/eps alphabet",3,12.264,12.2711,12.3092,0.0491482,0.049143,0.0492656
1000000,500000,1000,0.1,2,"Sqrt",3,0.0902629,0.0911633,0.091716,0,0,0
1000000,500000,1000,0.1,3,"Heuristic 1: sum(bucket_mass)^2",3,11.1081,11.141,11.1645,0.0416252,0.0466343,0.0469327
1000000,500000,1000,0.1,4,"Heuristic 2: sum(max freq over windows)^2",3,11.2612,11.2581,11.2776,0.0456572,0.0455699,0.047372
1000000,500000,1000,0.1,5,"Heuristic 3: sum(weighted_bucket_mass)^2",3,11.0054,10.9328,11.1545,0.0408206,0.0475324,0.0484506
1000000,200000,4,0.1,0,"Brute force",3,14.4677,14.4901,14.5179,0,0,0
1000000,200000,4,0.1,1,"Projection to 2/eps alphabet",3,0.243011,0.243215,0.243267,0,0,0
1000000,200000,4,0.1,2,"Sqrt",3,0.245534,0.245428,0.246548,0,0,0
1000000,200000,4,0.1,3,"Heuristic 1: sum(bucket_mass)^2",3,2.20518,2.19498,2.23445,0,0,0
1000000,200000,4,0.1,4,"Heuristic 2: sum(max freq over windows)^2",3,2.44698,2.44965,2.45974,0,0,0
1000000,200000,4,0.1,5,"Heuristic 3: sum(weighted_bucket_mass)^2",3,2.22668,2.18848,2.30703,0,0,0
1000000,200000,10,0.1,0,"Brute force",3,14.6404,14.649,14.7171,0,0,0
1000000,200000,10,0.1,1,"Projection to 2/eps alphabet",3,0.618892,0.614256,0.629382,0,0,0
1000000,200000,10,0.1,2,"Sqrt",3,0.636317,0.644281,0.650506,0,0,0
1000000,200000,10,0.1,3,"Heuristic 1: sum(bucket_mass)^2",3,5.4542,5.45437,5.45537,0,0,0
1000000,200000,10,0.1,4,"Heuristic 2: sum(max freq over windows)^2",3,5.62161,5.62282,5.63121,0,0,0
1000000,200000,10,0.1,5,"Heuristic 3: sum(weighted_bucket_mass)^2",3,5.70339,5.70824,5.72801,0,0,0
1000000,200000,20,0.1,0,"Brute force",3,14.3294,14.3137,14.4318,0,0,0
1000000,200000,20,0.1,1,"Projection to 2/eps alphabet",3,1.25761,1.25717,1.26134,0,0,0
1000000,200000,20,0.1,2,"Sqrt",3,0.436162,0.436585,0.44249,0,0,0
1000000,200000,20,0.1,3,"Heuristic 1: sum(bucket_mass)^2",3,11.4565,11.5014,11.5985,0.000668298,0.00088281,0.00112208
1000000,200000,20,0.1,4,"Heuristic 2: sum(max freq over windows)^2",3,11.413,11.3667,11.555,0,0,0
1000000,200000,20,0.1,5,"Heuristic 3: sum(weighted_bucket_mass)^2",3,10.9953,10.9327,11.1754,0.000360401,0,0.0010812
1000000,200000,40,0.1,0,"Brute force",3,14.4432,14.5176,14.5226,0,0,0
1000000,200000,40,0.1,1,"Projection to 2/eps alphabet",3,2.47353,2.49502,2.50783,0,0,0
1000000,200000,40,0.1,2,"Sqrt",3,0.259368,0.259088,0.264429,0,0,0
1000000,200000,40,0.1,3,"Heuristic 1: sum(bucket_mass)^2",3,11.033,10.9237,11.2759,0.00509236,0.00479089,0.00610518
1000000,200000,40,0.1,4,"Heuristic 2: sum(max freq over windows)^2",3,11.333,11.3258,11.4011,0.00597101,0.00623762,0.00705558
1000000,200000,40,0.1,5,"Heuristic 3: sum(weighted_bucket_mass)^2",3,11.2153,11.2271,11.2619,0.00474805,0.00508224,0.00528333
1000000,200000,80,0.1,0,"Brute force",3,14.6323,14.6581,14.6584,0,0,0
1000000,200000,80,0.1,1,"Projection to 2/eps alphabet",3,4.92376,4.92927,4.97876,0,0,0
1000000,200000,80,0.1,2,"Sqrt",3,0.157984,0.158076,0.1606,0,0,0
1000000,200000,80,0.1,3,"Heuristic 1: sum(bucket_mass)^2",3,11.3353,11.2096,11.5993,0.0227309,0.0278918,0.0296814
1000000,200000,80,0.1,4,"Heuristic 2: sum(max freq over windows)^2",3,11.183,11.1338,11.3178,0.0248648,0.0280111,0.0285954
1000000,200000,80,0.1,5,"Heuristic 3: sum(weighted_bucket_mass)^2",3,11.0612,10.9925,11.2954,0.0217116,0.0179642,0.0387601
1000000,200000,160,0.1,0,"Brute force",3,14.3612,14.3758,14.4214,0,0,0
1000000,200000,160,0.1,1,"Projection to 2/eps alphabet",3,9.78449,9.73126,9.94793,0,0,0
1000000,200000,160,0.1,2,"Sqrt",3,0.107921,0.107613,0.108697,0,0,0
1000000,200000,160,0.1,3,"Heuristic 1: sum(bucket_mass)^2",3,10.9359,10.9355,11.0378,0.0283838,0.034911,0.0359307
1000000,200000,160,0.1,4,"Heuristic 2: sum(max freq over windows)^2",3,11.2006,11.1587,11.3571,0.0264623,0.0258515,0.0350603
1000000,200000,160,0.1,5,"Heuristic 3: sum(weighted_bucket_mass)^2",3,11.1676,11.1965,11.2463,0.038804,0.0404416,0.041013
1000000,200000,320,0.1,0,"Brute force",3,14.3836,14.3592,14.4613,0,0,0
1000000,200000,320,0.1,1,"Projection to 2/eps alphabet",3,12.2289,12.1718,12.3797,0.0472985,0.0474251,0.0475291
1000000,200000,320,0.1,2,"Sqrt",3,0.0988052,0.0989844,0.100989,0,0,0
1000000,200000,320,0.1,3,"Heuristic 1: sum(bucket_mass)^2",3,10.8571,10.8776,10.8821,0.0266516,0.0202072,0.0445697
1000000,200000,320,0.1,4,"Heuristic 2: sum(max freq over windows)^2",3,11.0239,10.9871,11.1195,0.0386458,0.0402501,0.0403329
1000000,200000,320,0.1,5,"Heuristic 3: sum(weighted_bucket_mass)^2",3,10.9013,10.9049,10.9066,0.0465968,0.0463128,0.0476303
1000000,200000,640,0.1,0,"Brute force",3,14.276,14.2375,14.362,0,0,0
1000000,200000,640,0.1,1,"Projection to 2/eps alphabet",3,12.5075,12.5146,12.5555,0.0487075,0.048747,0.0488121
1000000,200000,640,0.1,2,"Sqrt",3,0.0855198,0.0856638,0.0861233,0,0,0
1000000,200000,640,0.1,3,"Heuristic 1: sum(bucket_mass)^2",3,10.8882,10.9048,10.9294,0.0346747,0.0378941,0.0398954
1000000,200000,640,0.1,4,"Heuristic 2: sum(max freq over windows)^2",3,11.1174,11.1283,11.1472,0.0262891,0.0265096,0.039607
1000000,200000,640,0.1,5,"Heuristic 3: sum(weighted_bucket_mass)^2",3,10.8516,10.8337,10.9164,0.0452209,0.0454122,0.0469915
1000000,200000,1280,0.1,0,"Brute force",3,14.2972,14.2928,14.3192,0,0,0
1000000,200000,1280,0.1,1,"Projection to 2/eps alphabet",3,12.4339,12.345,12.7091,0.0495694,0.0494949,0.0497612
1000000,200000,1280,0.1,2,"Sqrt",3,0.0773451,0.0760899,0.0814167,0,0,0
1000000,200000,1280,0.1,3,"Heuristic 1: sum(bucket_mass)^2",3,11.585,11.6053,11.6207,0.0461352,0.0485283,0.0488168
1000000,200000,1280,0.1,4,"Heuristic 2: sum(max freq over windows)^2",3,11.4164,11.4976,11.5054,0.0480232,0.0479351,0.0483461
1000000,200000,1280,0.1,5,"Heuristic 3: sum(weighted_bucket_mass)^2",3,11.4373,11.4197,11.6213,0.0490908,0.0492878,0.0493647
1000000,200000,1000,0.05,0,"Brute force",3,14.3529,14.3767,14.3821,0,0,0
1000000,200000,1000,0.05,1,"Projection to 2/eps alphabet",3,24.3427,24.3949,24.5207,0.0242907,0.0242714,0.0243909
1000000,200000,1000,0.05,2,"Sqrt",3,0.0731821,0.0732835,0.0734827,0,0,0
1000000,200000,1000,0.05,3,"Heuristic 1: sum(bucket_mass)^2",3,21.6792,21.6907,21.7102,0.0193362,0.020073,0.0217632
1000000,200000,1000,0.05,4,"Heuristic 2: sum(max freq over windows)^2",3,21.8896,21.8834,21.9223,0.0218909,0.0228762,0.0231957
1000000,200000,1000,0.05,5,"Heuristic 3: sum(weighted_bucket_mass)^2",3,21.6724,21.6505,21.7232,0.0227128,0.0237602,0.024921
1000000,200000,1000,0.2,0,"Brute force",3,14.3647,14.3629,14.4007,0,0,0
1000000,200000,1000,0.2,1,"Projection to 2/eps alphabet",3,6.05055,6.03603,6.08178,0.0991809,0.0991674,0.0993545
1000000,200000,1000,0.2,2,"Sqrt",3,0.074704,0.0748107,0.0755532,0,0,0
1000000,200000,1000,0.2,3,"Heuristic 1: sum(bucket_mass)^2",3,5.49036,5.47783,5.55238,0.0967073,0.0964457,0.098687
1000000,200000,1000,0.2,4,"Heuristic 2: sum(max freq over windows)^2",3,5.68644,5.65506,5.75464,0.0931461,0.0976988,0.0983506
1000000,200000,1000,0.2,5,"Heuristic 3: sum(weighted_bucket_mass)^2",3,5.51222,5.5125,5.51579,0.0996867,0.0999735,0.100017
1000000,200000,1000,0.5,0,"Brute force",3,14.5215,14.5885,14.6613,0,0,0
1000000,200000,1000,0.5,1,"Projection to 2/eps alphabet",3,2.4555,2.43731,2.49216,0.249729,0.24953,0.250316
1000000,200000,1000,0.5,2,"Sqrt",3,0.0756123,0.0756454,0.0770178,0,0,0
1000000,200000,1000,0.5,3,"Heuristic 1: sum(bucket_mass)^2",3,2.20941,2.21207,2.21291,0.247517,0.248294,0.248589
1000000,200000,1000,0.5,4,"Heuristic 2: sum(max freq over windows)^2",3,2.40305,2.39555,2.4268,0.246527,0.246751,0.247019
1000000,200000,1000,0.5,5,"Heuristic 3: sum(weighted_bucket_mass)^2",3,2.21476,2.21709,2.2208,0.249541,0.249293,0.250884
