n,m,sigma,eps,algo_id,algo_name,rounds,avg_time,avg_ratio,max_ratio
10000,500,10,0.05,0,"Brute Force",3,0.000382486,0,0
10000,500,10,0.05,1,"Projection to Binary Alphabet",3,0.0247004,0,0
10000,500,10,0.05,2,"Sqrt",3,0.000205806,0,0
10000,500,10,0.05,3,"Heuristic 1: sum(bucket_mass)^2",3,0.0189679,0.0108932,0.0326797
10000,500,10,0.05,4,"Heuristic 2: sum(max freq over windows)^2",3,0.0197813,0,0
10000,500,10,0.05,5,"Heuristic 3: sum(weighted_bucket_mass)^2",3,0.0188561,0.00973783,0.0292135
10000,500,10,0.1,0,"Brute Force",3,0.000299597,0,0
10000,500,10,0.1,1,"Projection to Binary Alphabet",3,0.0218218,0,0
10000,500,10,0.1,2,"Sqrt",3,0.000206319,0,0
10000,500,10,0.1,3,"Heuristic 1: sum(bucket_mass)^2",3,0.0187064,0,0
10000,500,10,0.1,4,"Heuristic 2: sum(max freq over windows)^2",3,0.0195427,0.00952381,0.0285714
10000,500,10,0.1,5,"Heuristic 3: sum(weighted_bucket_mass)^2",3,0.0186204,0,0
10000,500,10,0.2,0,"Brute Force",3,0.000299291,0,0
10000,500,10,0.2,1,"Projection to Binary Alphabet",3,0.0217968,0,0
10000,500,10,0.2,2,"Sqrt",3,0.000206167,0,0
10000,500,10,0.2,3,"Heuristic 1: sum(bucket_mass)^2",3,0.0190303,0,0
10000,500,10,0.2,4,"Heuristic 2: sum(max freq over windows)^2",3,0.0197462,0.00962963,0.0288889
10000,500,10,0.2,5,"Heuristic 3: sum(weighted_bucket_mass)^2",3,0.0188548,0,0.0311111
10000,500,10,0.5,0,"Brute Force",3,0.000298819,0,0
10000,500,10,0.5,1,"Projection to Binary Alphabet",3,0.0089395,0.187831,0.191011
10000,500,10,0.5,2,"Sqrt",3,0.000207236,0,0
10000,500,10,0.5,3,"Heuristic 1: sum(bucket_mass)^2",3,0.00755269,0.190373,0.195175
10000,500,10,0.5,4,"Heuristic 2: sum(max freq over windows)^2",3,0.00845196,0.198989,0.21286
10000,500,10,0.5,5,"Heuristic 3: sum(weighted_bucket_mass)^2",3,0.00750646,0.192955,0.199571
10000,1000,10,0.05,0,"Brute Force",3,0.00055475,0,0
10000,1000,10,0.05,1,"Projection to Binary Alphabet",3,0.0220366,0,0
10000,1000,10,0.05,2,"Sqrt",3,0.00037718,0,0
10000,1000,10,0.05,3,"Heuristic 1: sum(bucket_mass)^2",3,0.0190559,0,0
10000,1000,10,0.05,4,"Heuristic 2: sum(max freq over windows)^2",3,0.0200218,0,0.0285088
10000,1000,10,0.05,5,"Heuristic 3: sum(weighted_bucket_mass)^2",3,0.0190684,0,0
10000,1000,10,0.1,0,"Brute Force",3,0.000541069,0,0
10000,1000,10,0.1,1,"Projection to Binary Alphabet",3,0.0219326,0,0
10000,1000,10,0.1,2,"Sqrt",3,0.000393291,0,0
10000,1000,10,0.1,3,"Heuristic 1: sum(bucket_mass)^2",3,0.0193042,0.0093423,0.0297357
10000,1000,10,0.1,4,"Heuristic 2: sum(max freq over windows)^2",3,0.0199457,0,0.0319032
10000,1000,10,0.1,5,"Heuristic 3: sum(weighted_bucket_mass)^2",3,0.0189852,0.0112233,0.03367
10000,1000,10,0.2,0,"Brute Force",3,0.000551667,0,0
10000,1000,10,0.2,1,"Projection to Binary Alphabet",3,0.0221433,0,0
10000,1000,10,0.2,2,"Sqrt",3,0.000377416,0,0
10000,1000,10,0.2,3,"Heuristic 1: sum(bucket_mass)^2",3,0.018747,0,0
10000,1000,10,0.2,4,"Heuristic 2: sum(max freq over windows)^2",3,0.0199844,0,0
10000,1000,10,0.2,5,"Heuristic 3: sum(weighted_bucket_mass)^2",3,0.0191671,0.00891862,0.0281215
10000,1000,10,0.5,0,"Brute Force",3,0.000557069,0,0
10000,1000,10,0.5,1,"Projection to Binary Alphabet",3,0.00911733,0.185963,0.18764
10000,1000,10,0.5,2,"Sqrt",3,0.000372875,0,0
10000,1000,10,0.5,3,"Heuristic 1: sum(bucket_mass)^2",3,0.00782617,0.187397,0.19479
10000,1000,10,0.5,4,"Heuristic 2: sum(max freq over windows)^2",3,0.008783,0.187823,0.192308
10000,1000,10,0.5,5,"Heuristic 3: sum(weighted_bucket_mass)^2",3,0.00787681,0.188813,0.195506
10000,2000,10,0.05,0,"Brute Force",3,0.000942014,0,0
10000,2000,10,0.05,1,"Projection to Binary Alphabet",3,0.0223263,0,0
10000,2000,10,0.05,2,"Sqrt",3,0.000723639,0,0
10000,2000,10,0.05,3,"Heuristic 1: sum(bucket_mass)^2",3,0.0194295,0.00815268,0.027192
10000,2000,10,0.05,4,"Heuristic 2: sum(max freq over windows)^2",3,0.0201848,0.0092285,0.0276855
10000,2000,10,0.05,5,"Heuristic 3: sum(weighted_bucket_mass)^2",3,0.019604,0,0
10000,2000,10,0.1,0,"Brute Force",3,0.000956903,0,0
10000,2000,10,0.1,1,"Projection to Binary Alphabet",3,0.0399299,0,0
10000,2000,10,0.1,2,"Sqrt",3,0.000777208,0,0
10000,2000,10,0.1,3,"Heuristic 1: sum(bucket_mass)^2",3,0.0222496,0,0
10000,2000,10,0.1,4,"Heuristic 2: sum(max freq over windows)^2",3,0.0244683,0.0092285,0.0276855
10000,2000,10,0.1,5,"Heuristic 3: sum(weighted_bucket_mass)^2",3,0.0191203,0,0
10000,2000,10,0.2,0,"Brute Force",3,0.000938027,0,0
10000,2000,10,0.2,1,"Projection to Binary Alphabet",3,0.0224194,0,0
10000,2000,10,0.2,2,"Sqrt",3,0.000725764,0,0
10000,2000,10,0.2,3,"Heuristic 1: sum(bucket_mass)^2",3,0.0199103,0,0.0298343
10000,2000,10,0.2,4,"Heuristic 2: sum(max freq over windows)^2",3,0.0199709,0,0
10000,2000,10,0.2,5,"Heuristic 3: sum(weighted_bucket_mass)^2",3,0.0191524,0,0
10000,2000,10,0.5,0,"Brute Force",3,0.000942292,0,0
10000,2000,10,0.5,1,"Projection to Binary Alphabet",3,0.00899485,0.184317,0.1866
10000,2000,10,0.5,2,"Sqrt",3,0.000721458,0,0
10000,2000,10,0.5,3,"Heuristic 1: sum(bucket_mass)^2",3,0.00777182,0.185795,0.18802
10000,2000,10,0.5,4,"Heuristic 2: sum(max freq over windows)^2",3,0.00873569,0.185856,0.187154
10000,2000,10,0.5,5,"Heuristic 3: sum(weighted_bucket_mass)^2",3,0.012449,0.183552,0.188422
10000,5000,10,0.05,0,"Brute Force",3,0.00145221,0,0
10000,5000,10,0.05,1,"Projection to Binary Alphabet",3,0.0229717,0,0
10000,5000,10,0.05,2,"Sqrt",3,0.00178744,0,0
10000,5000,10,0.05,3,"Heuristic 1: sum(bucket_mass)^2",3,0.019634,0,0
10000,5000,10,0.05,4,"Heuristic 2: sum(max freq over windows)^2",3,0.0202885,0,0.0254312
10000,5000,10,0.05,5,"Heuristic 3: sum(weighted_bucket_mass)^2",3,0.0197848,0,0
10000,5000,10,0.1,0,"Brute Force",3,0.00146332,0,0
10000,5000,10,0.1,1,"Projection to Binary Alphabet",3,0.0229722,0,0
10000,5000,10,0.1,2,"Sqrt",3,0.00173083,0,0
10000,5000,10,0.1,3,"Heuristic 1: sum(bucket_mass)^2",3,0.019356,0,0
10000,5000,10,0.1,4,"Heuristic 2: sum(max freq over windows)^2",3,0.0201201,0,0
10000,5000,10,0.1,5,"Heuristic 3: sum(weighted_bucket_mass)^2",3,0.019257,0,0
10000,5000,10,0.2,0,"Brute Force",3,0.001429,0,0
10000,5000,10,0.2,1,"Projection to Binary Alphabet",3,0.0224207,0,0
10000,5000,10,0.2,2,"Sqrt",3,0.00174617,0,0
10000,5000,10,0.2,3,"Heuristic 1: sum(bucket_mass)^2",3,0.0194761,0,0
10000,5000,10,0.2,4,"Heuristic 2: sum(max freq over windows)^2",3,0.0206354,0.00782648,0.0234794
10000,5000,10,0.2,5,"Heuristic 3: sum(weighted_bucket_mass)^2",3,0.0196852,0.00831477,0.0249443
10000,5000,10,0.5,0,"Brute Force",3,0.0014255,0,0
10000,5000,10,0.5,1,"Projection to Binary Alphabet",3,0.00935663,0.181144,0.18224
10000,5000,10,0.5,2,"Sqrt",3,0.00181226,0,0
10000,5000,10,0.5,3,"Heuristic 1: sum(bucket_mass)^2",3,0.00791004,0.182228,0.183011
10000,5000,10,0.5,4,"Heuristic 2: sum(max freq over windows)^2",3,0.0086559,0.182588,0.184848
10000,5000,10,0.5,5,"Heuristic 3: sum(weighted_bucket_mass)^2",3,0.00783181,0.182487,0.183623
10000,500,100,0.05,0,"Brute Force",3,0.000304722,0,0
10000,500,100,0.05,1,"Projection to Binary Alphabet",3,0.087514,0.0202528,0.0222672
10000,500,100,0.05,2,"Sqrt",3,5.53473e-05,0,0
10000,500,100,0.05,3,"Heuristic 1: sum(bucket_mass)^2",3,0.0752915,0.0222146,0.0240964
10000,500,100,0.05,4,"Heuristic 2: sum(max freq over windows)^2",3,0.0758283,0.0215739,0.0223577
10000,500,100,0.05,5,"Heuristic 3: sum(weighted_bucket_mass)^2",3,0.0746561,0.0215476,0.0222672
10000,500,100,0.1,0,"Brute Force",3,0.000302417,0,0
10000,500,100,0.1,1,"Projection to Binary Alphabet",3,0.0438901,0.0457847,0.0481928
10000,500,100,0.1,2,"Sqrt",3,5.44447e-05,0,0
10000,500,100,0.1,3,"Heuristic 1: sum(bucket_mass)^2",3,0.0372517,0.0479402,0.0487805
10000,500,100,0.1,4,"Heuristic 2: sum(max freq over windows)^2",3,0.0382618,0.0499299,0.0526316
10000,500,100,0.1,5,"Heuristic 3: sum(weighted_bucket_mass)^2",3,0.0378266,0.0478417,0.0484848
10000,500,100,0.2,0,"Brute Force",3,0.000299861,0,0
10000,500,100,0.2,1,"Projection to Binary Alphabet",3,0.0224624,0.0987203,0.100204
10000,500,100,0.2,2,"Sqrt",3,6.7083e-05,0,0
10000,500,100,0.2,3,"Heuristic 1: sum(bucket_mass)^2",3,0.019174,0.100944,0.103239
10000,500,100,0.2,4,"Heuristic 2: sum(max freq over windows)^2",3,0.019678,0.103213,0.106426
10000,500,100,0.2,5,"Heuristic 3: sum(weighted_bucket_mass)^2",3,0.0189469,0.101211,0.102616
10000,500,100,0.5,0,"Brute Force",3,0.000294792,0,0
10000,500,100,0.5,1,"Projection to Binary Alphabet",3,0.00895381,0.252533,0.25355
10000,500,100,0.5,2,"Sqrt",3,4.92773e-05,0,0
10000,500,100,0.5,3,"Heuristic 1: sum(bucket_mass)^2",3,0.00775586,0.260437,0.264113
10000,500,100,0.5,4,"Heuristic 2: sum(max freq over windows)^2",3,0.00843442,0.260254,0.262626
10000,500,100,0.5,5,"Heuristic 3: sum(weighted_bucket_mass)^2",3,0.00760213,0.261301,0.263052
10000,1000,100,0.05,0,"Brute Force",3,0.000547403,0,0
10000,1000,100,0.05,1,"Projection to Binary Alphabet",3,0.0890338,0.0192816,0.020284
10000,1000,100,0.05,2,"Sqrt",3,7.70137e-05,0,0
10000,1000,100,0.05,3,"Heuristic 1: sum(bucket_mass)^2",3,0.0764435,0.0198845,0.020202
10000,1000,100,0.05,4,"Heuristic 2: sum(max freq over windows)^2",3,0.0759368,0.0192298,0.0202224
10000,1000,100,0.05,5,"Heuristic 3: sum(weighted_bucket_mass)^2",3,0.0757655,0.0205794,0.0211907
10000,1000,100,0.1,0,"Brute Force",3,0.000523042,0,0
10000,1000,100,0.1,1,"Projection to Binary Alphabet",3,0.0449236,0.0445315,0.0474268
10000,1000,100,0.1,2,"Sqrt",3,7.7444e-05,0,0
10000,1000,100,0.1,3,"Heuristic 1: sum(bucket_mass)^2",3,0.0381472,0.0463894,0.0475228
10000,1000,100,0.1,4,"Heuristic 2: sum(max freq over windows)^2",3,0.0384438,0.0468487,0.0475228
10000,1000,100,0.1,5,"Heuristic 3: sum(weighted_bucket_mass)^2",3,0.0376808,0.0459579,0.0483871
10000,1000,100,0.2,0,"Brute Force",3,0.00054382,0,0
10000,1000,100,0.2,1,"Projection to Binary Alphabet",3,0.0219276,0.0972406,0.0977823
10000,1000,100,0.2,2,"Sqrt",3,7.60973e-05,0,0
10000,1000,100,0.2,3,"Heuristic 1: sum(bucket_mass)^2",3,0.0189284,0.100269,0.10101
10000,1000,100,0.2,4,"Heuristic 2: sum(max freq over windows)^2",3,0.0198585,0.100899,0.104628
10000,1000,100,0.2,5,"Heuristic 3: sum(weighted_bucket_mass)^2",3,0.0191462,0.0992612,0.101712
10000,1000,100,0.5,0,"Brute Force",3,0.00054507,0,0
10000,1000,100,0.5,1,"Projection to Binary Alphabet",3,0.0089919,0.255137,0.260343
10000,1000,100,0.5,2,"Sqrt",3,7.64863e-05,0,0
10000,1000,100,0.5,3,"Heuristic 1: sum(bucket_mass)^2",3,0.00769421,0.254374,0.25504
10000,1000,100,0.5,4,"Heuristic 2: sum(max freq over windows)^2",3,0.00851146,0.256556,0.261616
10000,1000,100,0.5,5,"Heuristic 3: sum(weighted_bucket_mass)^2",3,0.00775954,0.254295,0.257345
10000,2000,100,0.05,0,"Brute Force",3,0.000938611,0,0
10000,2000,100,0.05,1,"Projection to Binary Alphabet",3,0.0896899,0.0178352,0.018191
10000,2000,100,0.05,2,"Sqrt",3,0.000105889,0,0
10000,2000,100,0.05,3,"Heuristic 1: sum(bucket_mass)^2",3,0.0755298,0.0185087,0.0191532
10000,2000,100,0.05,4,"Heuristic 2: sum(max freq over windows)^2",3,0.0761998,0.0187311,0.0187913
10000,2000,100,0.05,5,"Heuristic 3: sum(weighted_bucket_mass)^2",3,0.0756898,0.0191626,0.0196573
10000,2000,100,0.1,0,"Brute Force",3,0.000956695,0,0
10000,2000,100,0.1,1,"Projection to Binary Alphabet",3,0.0445606,0.0432206,0.0436105
10000,2000,100,0.1,2,"Sqrt",3,0.000116097,0,0
10000,2000,100,0.1,3,"Heuristic 1: sum(bucket_mass)^2",3,0.0377747,0.0449652,0.0465587
10000,2000,100,0.1,4,"Heuristic 2: sum(max freq over windows)^2",3,0.0392299,0.044958,0.0459828
10000,2000,100,0.1,5,"Heuristic 3: sum(weighted_bucket_mass)^2",3,0.0377745,0.0445514,0.0458207
10000,2000,100,0.2,0,"Brute Force",3,0.000933403,0,0
10000,2000,100,0.2,1,"Projection to Binary Alphabet",3,0.0224561,0.094886,0.0961538
10000,2000,100,0.2,2,"Sqrt",3,0.000115833,0,0
10000,2000,100,0.2,3,"Heuristic 1: sum(bucket_mass)^2",3,0.0190379,0.0975781,0.100051
10000,2000,100,0.2,4,"Heuristic 2: sum(max freq over windows)^2",3,0.0198519,0.0974967,0.0985844
10000,2000,100,0.2,5,"Heuristic 3: sum(weighted_bucket_mass)^2",3,0.0190885,0.0967492,0.0985915
10000,2000,100,0.5,0,"Brute Force",3,0.000958625,0,0
10000,2000,100,0.5,1,"Projection to Binary Alphabet",3,0.00891679,0.246923,0.24772
10000,2000,100,0.5,2,"Sqrt",3,0.000115945,0,0
10000,2000,100,0.5,3,"Heuristic 1: sum(bucket_mass)^2",3,0.00770121,0.252395,0.253152
10000,2000,100,0.5,4,"Heuristic 2: sum(max freq over windows)^2",3,0.00856796,0.250927,0.252275
10000,2000,100,0.5,5,"Heuristic 3: sum(weighted_bucket_mass)^2",3,0.00787547,0.250085,0.250887
10000,5000,100,0.05,0,"Brute Force",3,0.00140935,0,0
10000,5000,100,0.05,1,"Projection to Binary Alphabet",3,0.0903185,0.0172294,0.0175156
10000,5000,100,0.05,2,"Sqrt",3,0.000269805,0,0
10000,5000,100,0.05,3,"Heuristic 1: sum(bucket_mass)^2",3,0.0768437,0.0180725,0.0185784
10000,5000,100,0.05,4,"Heuristic 2: sum(max freq over windows)^2",3,0.0772988,0.0177186,0.0181818
10000,5000,100,0.05,5,"Heuristic 3: sum(weighted_bucket_mass)^2",3,0.0769567,0.0177237,0.0180053
10000,5000,100,0.1,0,"Brute Force",3,0.00142696,0,0
10000,5000,100,0.1,1,"Projection to Binary Alphabet",3,0.0454701,0.0419449,0.04239
10000,5000,100,0.1,2,"Sqrt",3,0.000236875,0,0
10000,5000,100,0.1,3,"Heuristic 1: sum(bucket_mass)^2",3,0.0387141,0.0435074,0.0442424
10000,5000,100,0.1,4,"Heuristic 2: sum(max freq over windows)^2",3,0.0392544,0.0433492,0.0436011
10000,5000,100,0.1,5,"Heuristic 3: sum(weighted_bucket_mass)^2",3,0.0384974,0.0430305,0.0436356
10000,5000,100,0.2,0,"Brute Force",3,0.00144814,0,0
10000,5000,100,0.2,1,"Projection to Binary Alphabet",3,0.0228888,0.0931625,0.0937753
10000,5000,100,0.2,2,"Sqrt",3,0.000231389,0,0
10000,5000,100,0.2,3,"Heuristic 1: sum(bucket_mass)^2",3,0.0193721,0.0943331,0.0949303
10000,5000,100,0.2,4,"Heuristic 2: sum(max freq over windows)^2",3,0.0203203,0.0952349,0.0960566
10000,5000,100,0.2,5,"Heuristic 3: sum(weighted_bucket_mass)^2",3,0.0195958,0.094757,0.0951613
10000,5000,100,0.5,0,"Brute Force",3,0.00143354,0,0
10000,5000,100,0.5,1,"Projection to Binary Alphabet",3,0.00925433,0.2467,0.247729
10000,5000,100,0.5,2,"Sqrt",3,0.000235195,0,0
10000,5000,100,0.5,3,"Heuristic 1: sum(bucket_mass)^2",3,0.00792761,0.247826,0.248638
10000,5000,100,0.5,4,"Heuristic 2: sum(max freq over windows)^2",3,0.00845518,0.247543,0.249343
10000,5000,100,0.5,5,"Heuristic 3: sum(weighted_bucket_mass)^2",3,0.00796721,0.247306,0.248032
10000,500,1000,0.05,0,"Brute Force",3,0.000305764,0,0
10000,500,1000,0.05,1,"Projection to Binary Alphabet",3,0.0886593,0.0287229,0.03
10000,500,1000,0.05,2,"Sqrt",3,3.44167e-05,0,0
10000,500,1000,0.05,3,"Heuristic 1: sum(bucket_mass)^2",3,0.0748931,0.0293721,0.0300601
10000,500,1000,0.05,4,"Heuristic 2: sum(max freq over windows)^2",3,0.0762014,0.0300401,0.0320641
10000,500,1000,0.05,5,"Heuristic 3: sum(weighted_bucket_mass)^2",3,0.0747019,0.0287429,0.0301811
10000,500,1000,0.1,0,"Brute Force",3,0.000298722,0,0
10000,500,1000,0.1,1,"Projection to Binary Alphabet",3,0.0441771,0.0547027,0.0561122
10000,500,1000,0.1,2,"Sqrt",3,3.40277e-05,0,0
10000,500,1000,0.1,3,"Heuristic 1: sum(bucket_mass)^2",3,0.0373268,0.0567041,0.058
10000,500,1000,0.1,4,"Heuristic 2: sum(max freq over windows)^2",3,0.038622,0.0567802,0.0582329
10000,500,1000,0.1,5,"Heuristic 3: sum(weighted_bucket_mass)^2",3,0.0375754,0.0580775,0.0581162
10000,500,1000,0.2,0,"Brute Force",3,0.000298472,0,0
10000,500,1000,0.2,1,"Projection to Binary Alphabet",3,0.0224407,0.108144,0.11022
10000,500,1000,0.2,2,"Sqrt",3,3.69447e-05,0,0
10000,500,1000,0.2,3,"Heuristic 1: sum(bucket_mass)^2",3,0.0191052,0.110073,0.11022
10000,500,1000,0.2,4,"Heuristic 2: sum(max freq over windows)^2",3,0.0197192,0.112073,0.114
10000,500,1000,0.2,5,"Heuristic 3: sum(weighted_bucket_mass)^2",3,0.0190877,0.110144,0.114
10000,500,1000,0.5,0,"Brute Force",3,0.000300111,0,0
10000,500,1000,0.5,1,"Projection to Binary Alphabet",3,0.009097,0.261681,0.268537
10000,500,1000,0.5,2,"Sqrt",3,2.38473e-05,0,0
10000,500,1000,0.5,3,"Heuristic 1: sum(bucket_mass)^2",3,0.0078051,0.264353,0.268
10000,500,1000,0.5,4,"Heuristic 2: sum(max freq over windows)^2",3,0.0086295,0.266844,0.268
10000,500,1000,0.5,5,"Heuristic 3: sum(weighted_bucket_mass)^2",3,0.0076819,0.266531,0.270541
10000,1000,1000,0.05,0,"Brute Force",3,0.00052975,0,0
10000,1000,1000,0.05,1,"Projection to Binary Alphabet",3,0.0882383,0.0267021,0.027027
10000,1000,1000,0.05,2,"Sqrt",3,3.9153e-05,0,0
10000,1000,1000,0.05,3,"Heuristic 1: sum(bucket_mass)^2",3,0.0753625,0.0286857,0.029029
10000,1000,1000,0.05,4,"Heuristic 2: sum(max freq over windows)^2",3,0.076158,0.0283707,0.03003
10000,1000,1000,0.05,5,"Heuristic 3: sum(weighted_bucket_mass)^2",3,0.0755761,0.0277124,0.03003
10000,1000,1000,0.1,0,"Brute Force",3,0.000541834,0,0
10000,1000,1000,0.1,1,"Projection to Binary Alphabet",3,0.0447842,0.0537204,0.0541625
10000,1000,1000,0.1,2,"Sqrt",3,3.94167e-05,0,0
10000,1000,1000,0.1,3,"Heuristic 1: sum(bucket_mass)^2",3,0.0379813,0.0540721,0.055
10000,1000,1000,0.1,4,"Heuristic 2: sum(max freq over windows)^2",3,0.0382893,0.0540361,0.056
10000,1000,1000,0.1,5,"Heuristic 3: sum(weighted_bucket_mass)^2",3,0.0376584,0.0558534,0.0562814
10000,1000,1000,0.2,0,"Brute Force",3,0.000541833,0,0
10000,1000,1000,0.2,1,"Projection to Binary Alphabet",3,0.0221985,0.105878,0.106212
10000,1000,1000,0.2,2,"Sqrt",3,4.075e-05,0,0
10000,1000,1000,0.2,3,"Heuristic 1: sum(bucket_mass)^2",3,0.018921,0.106809,0.107214
10000,1000,1000,0.2,4,"Heuristic 2: sum(max freq over windows)^2",3,0.0194954,0.107513,0.109218
10000,1000,1000,0.2,5,"Heuristic 3: sum(weighted_bucket_mass)^2",3,0.0188874,0.108404,0.11
10000,1000,1000,0.5,0,"Brute Force",3,0.000546889,0,0
10000,1000,1000,0.5,1,"Projection to Binary Alphabet",3,0.00902965,0.258172,0.26
10000,1000,1000,0.5,2,"Sqrt",3,3.96667e-05,0,0
10000,1000,1000,0.5,3,"Heuristic 1: sum(bucket_mass)^2",3,0.00775037,0.258419,0.262
10000,1000,1000,0.5,4,"Heuristic 2: sum(max freq over windows)^2",3,0.00853726,0.261685,0.264056
10000,1000,1000,0.5,5,"Heuristic 3: sum(weighted_bucket_mass)^2",3,0.00771218,0.263439,0.265265
10000,2000,1000,0.05,0,"Brute Force",3,0.000933611,0,0
10000,2000,1000,0.05,1,"Projection to Binary Alphabet",3,0.0893886,0.0258722,0.0260521
10000,2000,1000,0.05,2,"Sqrt",3,5.21527e-05,0,0
10000,2000,1000,0.05,3,"Heuristic 1: sum(bucket_mass)^2",3,0.0756741,0.0261928,0.0265133
10000,2000,1000,0.05,4,"Heuristic 2: sum(max freq over windows)^2",3,0.076258,0.0268692,0.0275413
10000,2000,1000,0.05,5,"Heuristic 3: sum(weighted_bucket_mass)^2",3,0.0756622,0.0271758,0.0275138
10000,2000,1000,0.1,0,"Brute Force",3,0.00093007,0,0
10000,2000,1000,0.1,1,"Projection to Binary Alphabet",3,0.0445083,0.0520695,0.0530796
10000,2000,1000,0.1,2,"Sqrt",3,4.95697e-05,0,0
10000,2000,1000,0.1,3,"Heuristic 1: sum(bucket_mass)^2",3,0.0379602,0.0530354,0.0535268
10000,2000,1000,0.1,4,"Heuristic 2: sum(max freq over windows)^2",3,0.0383787,0.0533687,0.0545273
10000,2000,1000,0.1,5,"Heuristic 3: sum(weighted_bucket_mass)^2",3,0.0381527,0.0528681,0.054
10000,2000,1000,0.2,0,"Brute Force",3,0.000937181,0,0
10000,2000,1000,0.2,1,"Projection to Binary Alphabet",3,0.0225233,0.103385,0.104
10000,2000,1000,0.2,2,"Sqrt",3,4.94443e-05,0,0
10000,2000,1000,0.2,3,"Heuristic 1: sum(bucket_mass)^2",3,0.0190549,0.104472,0.106553
10000,2000,1000,0.2,4,"Heuristic 2: sum(max freq over windows)^2",3,0.0195728,0.104674,0.105158
10000,2000,1000,0.2,5,"Heuristic 3: sum(weighted_bucket_mass)^2",3,0.030555,0.10384,0.105263
10000,2000,1000,0.5,0,"Brute Force",3,0.000916472,0,0
10000,2000,1000,0.5,1,"Projection to Binary Alphabet",3,0.00912297,0.25538,0.255884
10000,2000,1000,0.5,2,"Sqrt",3,5.132e-05,0,0
10000,2000,1000,0.5,3,"Heuristic 1: sum(bucket_mass)^2",3,0.00769117,0.256628,0.261022
10000,2000,1000,0.5,4,"Heuristic 2: sum(max freq over windows)^2",3,0.00847524,0.257547,0.2595
10000,2000,1000,0.5,5,"Heuristic 3: sum(weighted_bucket_mass)^2",3,0.00779822,0.257547,0.258629
10000,5000,1000,0.05,0,"Brute Force",3,0.00143222,0,0
10000,5000,1000,0.05,1,"Projection to Binary Alphabet",3,0.0902744,0.0251468,0.0254203
10000,5000,1000,0.05,2,"Sqrt",3,7.45e-05,0,0
10000,5000,1000,0.05,3,"Heuristic 1: sum(bucket_mass)^2",3,0.0770572,0.0254424,0.0258362
10000,5000,1000,0.05,4,"Heuristic 2: sum(max freq over windows)^2",3,0.0769848,0.0256239,0.026026
10000,5000,1000,0.05,5,"Heuristic 3: sum(weighted_bucket_mass)^2",3,0.0773855,0.025831,0.0260208
10000,5000,1000,0.1,0,"Brute Force",3,0.00142486,0,0
10000,5000,1000,0.1,1,"Projection to Binary Alphabet",3,0.0458764,0.0510476,0.0512513
10000,5000,1000,0.1,2,"Sqrt",3,7.6139e-05,0,0
10000,5000,1000,0.1,3,"Heuristic 1: sum(bucket_mass)^2",3,0.038953,0.0511383,0.051693
10000,5000,1000,0.1,4,"Heuristic 2: sum(max freq over windows)^2",3,0.0393078,0.0515217,0.0520625
10000,5000,1000,0.1,5,"Heuristic 3: sum(weighted_bucket_mass)^2",3,0.0385861,0.0513914,0.0520416
10000,5000,1000,0.2,0,"Brute Force",3,0.00145265,0,0
10000,5000,1000,0.2,1,"Projection to Binary Alphabet",3,0.0225772,0.101628,0.102163
10000,5000,1000,0.2,2,"Sqrt",3,7.24027e-05,0,0
10000,5000,1000,0.2,3,"Heuristic 1: sum(bucket_mass)^2",3,0.0194635,0.102222,0.103386
10000,5000,1000,0.2,4,"Heuristic 2: sum(max freq over windows)^2",3,0.0199451,0.102455,0.102703
10000,5000,1000,0.2,5,"Heuristic 3: sum(weighted_bucket_mass)^2",3,0.0194238,0.102595,0.103662
10000,5000,1000,0.5,0,"Brute Force",3,0.00142896,0,0
10000,5000,1000,0.5,1,"Projection to Binary Alphabet",3,0.00921839,0.253204,0.253806
10000,5000,1000,0.5,2,"Sqrt",3,7.20277e-05,0,0
10000,5000,1000,0.5,3,"Heuristic 1: sum(bucket_mass)^2",3,0.0079011,0.253988,0.255507
10000,5000,1000,0.5,4,"Heuristic 2: sum(max freq over windows)^2",3,0.00854399,0.253421,0.254356
10000,5000,1000,0.5,5,"Heuristic 3: sum(weighted_bucket_mass)^2",3,0.00796125,0.253888,0.255004
100000,5000,10,0.05,0,"Brute Force",3,0.0269692,0,0
100000,5000,10,0.05,1,"Projection to Binary Alphabet",3,0.254032,0,0
100000,5000,10,0.05,2,"Sqrt",3,0.0300179,0,0
100000,5000,10,0.05,3,"Heuristic 1: sum(bucket_mass)^2",3,0.257105,0,0
100000,5000,10,0.05,4,"Heuristic 2: sum(max freq over windows)^2",3,0.266391,0,0
100000,5000,10,0.05,5,"Heuristic 3: sum(weighted_bucket_mass)^2",3,0.260608,0,0
100000,5000,10,0.1,0,"Brute Force",3,0.0271798,0,0
100000,5000,10,0.1,1,"Projection to Binary Alphabet",3,0.257999,0,0
100000,5000,10,0.1,2,"Sqrt",3,0.0301187,0,0
100000,5000,10,0.1,3,"Heuristic 1: sum(bucket_mass)^2",3,0.269833,0.00824788,0.0247436
100000,5000,10,0.1,4,"Heuristic 2: sum(max freq over windows)^2",3,0.270352,0,0
100000,5000,10,0.1,5,"Heuristic 3: sum(weighted_bucket_mass)^2",3,0.253784,0,0
100000,5000,10,0.2,0,"Brute Force",3,0.0270529,0,0
100000,5000,10,0.2,1,"Projection to Binary Alphabet",3,0.287787,0,0
100000,5000,10,0.2,2,"Sqrt",3,0.0310095,0,0
100000,5000,10,0.2,3,"Heuristic 1: sum(bucket_mass)^2",3,0.267608,0,0
100000,5000,10,0.2,4,"Heuristic 2: sum(max freq over windows)^2",3,0.267885,0,0
100000,5000,10,0.2,5,"Heuristic 3: sum(weighted_bucket_mass)^2",3,0.255992,0,0
100000,5000,10,0.5,0,"Brute Force",3,0.0270354,0,0
100000,5000,10,0.5,1,"Projection to Binary Alphabet",3,0.103254,0.181915,0.183855
100000,5000,10,0.5,2,"Sqrt",3,0.0298817,0,0
100000,5000,10,0.5,3,"Heuristic 1: sum(bucket_mass)^2",3,0.102522,0.182581,0.184434
100000,5000,10,0.5,4,"Heuristic 2: sum(max freq over windows)^2",3,0.114895,0.181872,0.182746
100000,5000,10,0.5,5,"Heuristic 3: sum(weighted_bucket_mass)^2",3,0.103243,0.182211,0.184152
100000,10000,10,0.05,0,"Brute Force",3,0.0504418,0,0
100000,10000,10,0.05,1,"Projection to Binary Alphabet",3,0.256892,0,0
100000,10000,10,0.05,2,"Sqrt",3,0.0596187,0,0
100000,10000,10,0.05,3,"Heuristic 1: sum(bucket_mass)^2",3,0.261293,0,0
100000,10000,10,0.05,4,"Heuristic 2: sum(max freq over windows)^2",3,0.272402,0,0
100000,10000,10,0.05,5,"Heuristic 3: sum(weighted_bucket_mass)^2",3,0.275935,0,0
100000,10000,10,0.1,0,"Brute Force",3,0.0504339,0,0
100000,10000,10,0.1,1,"Projection to Binary Alphabet",3,0.258156,0,0
100000,10000,10,0.1,2,"Sqrt",3,0.0595896,0,0
100000,10000,10,0.1,3,"Heuristic 1: sum(bucket_mass)^2",3,0.256279,0,0
100000,10000,10,0.1,4,"Heuristic 2: sum(max freq over windows)^2",3,0.26715,0,0
100000,10000,10,0.1,5,"Heuristic 3: sum(weighted_bucket_mass)^2",3,0.256079,0,0
100000,10000,10,0.2,0,"Brute Force",3,0.0501971,0,0
100000,10000,10,0.2,1,"Projection to Binary Alphabet",3,0.255665,0,0
100000,10000,10,0.2,2,"Sqrt",3,0.059159,0,0
100000,10000,10,0.2,3,"Heuristic 1: sum(bucket_mass)^2",3,0.257197,0,0
100000,10000,10,0.2,4,"Heuristic 2: sum(max freq over windows)^2",3,0.269281,0,0
100000,10000,10,0.2,5,"Heuristic 3: sum(weighted_bucket_mass)^2",3,0.257099,0,0
100000,10000,10,0.5,0,"Brute Force",3,0.0504461,0,0
100000,10000,10,0.5,1,"Projection to Binary Alphabet",3,0.104052,0.17987,0.180988
100000,10000,10,0.5,2,"Sqrt",3,0.0600585,0,0
100000,10000,10,0.5,3,"Heuristic 1: sum(bucket_mass)^2",3,0.104404,0.179943,0.181273
100000,10000,10,0.5,4,"Heuristic 2: sum(max freq over windows)^2",3,0.115764,0.182105,0.183067
100000,10000,10,0.5,5,"Heuristic 3: sum(weighted_bucket_mass)^2",3,0.105059,0.180537,0.181444
100000,20000,10,0.05,0,"Brute Force",3,0.149717,0,0
100000,20000,10,0.05,1,"Projection to Binary Alphabet",3,0.259007,0,0
100000,20000,10,0.05,2,"Sqrt",3,0.118548,0,0
100000,20000,10,0.05,3,"Heuristic 1: sum(bucket_mass)^2",3,0.259251,0,0
100000,20000,10,0.05,4,"Heuristic 2: sum(max freq over windows)^2",3,0.271647,0,0
100000,20000,10,0.05,5,"Heuristic 3: sum(weighted_bucket_mass)^2",3,0.278449,0.0163482,0.0250472
100000,20000,10,0.1,0,"Brute Force",3,0.150978,0,0
100000,20000,10,0.1,1,"Projection to Binary Alphabet",3,0.259839,0,0
100000,20000,10,0.1,2,"Sqrt",3,0.119436,0,0
100000,20000,10,0.1,3,"Heuristic 1: sum(bucket_mass)^2",3,0.258627,0,0.0232145
100000,20000,10,0.1,4,"Heuristic 2: sum(max freq over windows)^2",3,0.269788,0,0
100000,20000,10,0.1,5,"Heuristic 3: sum(weighted_bucket_mass)^2",3,0.259215,0,0
100000,20000,10,0.2,0,"Brute Force",3,0.149351,0,0
100000,20000,10,0.2,1,"Projection to Binary Alphabet",3,0.257099,0,0
100000,20000,10,0.2,2,"Sqrt",3,0.118733,0,0
100000,20000,10,0.2,3,"Heuristic 1: sum(bucket_mass)^2",3,0.258564,0,0
100000,20000,10,0.2,4,"Heuristic 2: sum(max freq over windows)^2",3,0.276044,0,0
100000,20000,10,0.2,5,"Heuristic 3: sum(weighted_bucket_mass)^2",3,0.256802,0.00800015,0.0240004
100000,20000,10,0.5,0,"Brute Force",3,0.183279,0,0
100000,20000,10,0.5,1,"Projection to Binary Alphabet",3,0.111685,0.179515,0.179774
100000,20000,10,0.5,2,"Sqrt",3,0.122561,0,0
100000,20000,10,0.5,3,"Heuristic 1: sum(bucket_mass)^2",3,0.109115,0.181359,0.183652
100000,20000,10,0.5,4,"Heuristic 2: sum(max freq over windows)^2",3,0.118245,0.179792,0.180031
100000,20000,10,0.5,5,"Heuristic 3: sum(weighted_bucket_mass)^2",3,0.103607,0.180468,0.182267
100000,50000,10,0.05,0,"Brute Force",3,0.226378,0,0
100000,50000,10,0.05,1,"Projection to Binary Alphabet",3,0.518563,0,0
100000,50000,10,0.05,2,"Sqrt",3,0.0621476,0,0
100000,50000,10,0.05,3,"Heuristic 1: sum(bucket_mass)^2",3,0.512193,0,0
100000,50000,10,0.05,4,"Heuristic 2: sum(max freq over windows)^2",3,0.522709,0,0
100000,50000,10,0.05,5,"Heuristic 3: sum(weighted_bucket_mass)^2",3,0.511456,0,0
100000,50000,10,0.1,0,"Brute Force",3,0.22645,0,0
100000,50000,10,0.1,1,"Projection to Binary Alphabet",3,0.512884,0,0
100000,50000,10,0.1,2,"Sqrt",3,0.0647524,0,0
100000,50000,10,0.1,3,"Heuristic 1: sum(bucket_mass)^2",3,0.510632,0,0
100000,50000,10,0.1,4,"Heuristic 2: sum(max freq over windows)^2",3,0.522343,0.00783082,0.0234925
100000,50000,10,0.1,5,"Heuristic 3: sum(weighted_bucket_mass)^2",3,0.50598,0,0
100000,50000,10,0.2,0,"Brute Force",3,0.228424,0,0
100000,50000,10,0.2,1,"Projection to Binary Alphabet",3,0.513046,0,0
100000,50000,10,0.2,2,"Sqrt",3,0.0651657,0,0
100000,50000,10,0.2,3,"Heuristic 1: sum(bucket_mass)^2",3,0.509394,0,0
100000,50000,10,0.2,4,"Heuristic 2: sum(max freq over windows)^2",3,0.519597,0,0
100000,50000,10,0.2,5,"Heuristic 3: sum(weighted_bucket_mass)^2",3,0.505072,0,0.0228661
100000,50000,10,0.5,0,"Brute Force",3,0.227513,0,0
100000,50000,10,0.5,1,"Projection to Binary Alphabet",3,0.221035,0.179039,0.179288
100000,50000,10,0.5,2,"Sqrt",3,0.0640277,0,0
100000,50000,10,0.5,3,"Heuristic 1: sum(bucket_mass)^2",3,0.199337,0.179678,0.180223
100000,50000,10,0.5,4,"Heuristic 2: sum(max freq over windows)^2",3,0.208798,0.17945,0.180018
100000,50000,10,0.5,5,"Heuristic 3: sum(weighted_bucket_mass)^2",3,0.198388,0.179545,0.180525
100000,5000,100,0.05,0,"Brute Force",3,0.0271949,0,0
100000,5000,100,0.05,1,"Projection to Binary Alphabet",3,1.04093,0.0175143,0.0177778
100000,5000,100,0.05,2,"Sqrt",3,0.00401463,0,0
100000,5000,100,0.05,3,"Heuristic 1: sum(bucket_mass)^2",3,1.02219,0.0175778,0.017785
100000,5000,100,0.05,4,"Heuristic 2: sum(max freq over windows)^2",3,1.0338,0.0181157,0.0181928
100000,5000,100,0.05,5,"Heuristic 3: sum(weighted_bucket_mass)^2",3,1.01127,0.0180423,0.0185559
100000,5000,100,0.1,0,"Brute Force",3,0.0269704,0,0
100000,5000,100,0.1,1,"Projection to Binary Alphabet",3,0.521584,0.0428139,0.0428283
100000,5000,100,0.1,2,"Sqrt",3,0.00399329,0,0
100000,5000,100,0.1,3,"Heuristic 1: sum(bucket_mass)^2",3,0.518136,0.0433409,0.0436275
100000,5000,100,0.1,4,"Heuristic 2: sum(max freq over windows)^2",3,0.524769,0.0434255,0.0438207
100000,5000,100,0.1,5,"Heuristic 3: sum(weighted_bucket_mass)^2",3,0.51557,0.0437534,0.0440226
100000,5000,100,0.2,0,"Brute Force",3,0.0273626,0,0
100000,5000,100,0.2,1,"Projection to Binary Alphabet",3,0.269913,0.0936029,0.0938322
100000,5000,100,0.2,2,"Sqrt",3,0.00408974,0,0
100000,5000,100,0.2,3,"Heuristic 1: sum(bucket_mass)^2",3,0.273552,0.0941997,0.0947581
100000,5000,100,0.2,4,"Heuristic 2: sum(max freq over windows)^2",3,0.266425,0.0947155,0.0950655
100000,5000,100,0.2,5,"Heuristic 3: sum(weighted_bucket_mass)^2",3,0.265969,0.0948927,0.0956522
100000,5000,100,0.5,0,"Brute Force",3,0.027559,0,0
100000,5000,100,0.5,1,"Projection to Binary Alphabet",3,0.107284,0.246599,0.247016
100000,5000,100,0.5,2,"Sqrt",3,0.00421664,0,0
100000,5000,100,0.5,3,"Heuristic 1: sum(bucket_mass)^2",3,0.108902,0.248769,0.25
100000,5000,100,0.5,4,"Heuristic 2: sum(max freq over windows)^2",3,0.116761,0.247796,0.24889
100000,5000,100,0.5,5,"Heuristic 3: sum(weighted_bucket_mass)^2",3,0.106606,0.247927,0.248688
100000,10000,100,0.05,0,"Brute Force",3,0.0506967,0,0
100000,10000,100,0.05,1,"Projection to Binary Alphabet",3,1.06131,0.0170233,0.0171873
100000,10000,100,0.05,2,"Sqrt",3,0.007791,0,0
100000,10000,100,0.05,3,"Heuristic 1: sum(bucket_mass)^2",3,1.06034,0.0176249,0.0177922
100000,10000,100,0.05,4,"Heuristic 2: sum(max freq over windows)^2",3,1.06847,0.0175597,0.0178571
100000,10000,100,0.05,5,"Heuristic 3: sum(weighted_bucket_mass)^2",3,1.05975,0.0172999,0.0177886
100000,10000,100,0.1,0,"Brute Force",3,0.0514207,0,0
100000,10000,100,0.1,1,"Projection to Binary Alphabet",3,0.53349,0.0419556,0.0422265
100000,10000,100,0.1,2,"Sqrt",3,0.00759218,0,0
100000,10000,100,0.1,3,"Heuristic 1: sum(bucket_mass)^2",3,0.53066,0.0427379,0.042873
100000,10000,100,0.1,4,"Heuristic 2: sum(max freq over windows)^2",3,0.542748,0.0427931,0.0430173
100000,10000,100,0.1,5,"Heuristic 3: sum(weighted_bucket_mass)^2",3,0.52796,0.0427035,0.0430346
100000,10000,100,0.2,0,"Brute Force",3,0.0516667,0,0
100000,10000,100,0.2,1,"Projection to Binary Alphabet",3,0.266795,0.0932666,0.0940024
100000,10000,100,0.2,2,"Sqrt",3,0.00807146,0,0
100000,10000,100,0.2,3,"Heuristic 1: sum(bucket_mass)^2",3,0.266718,0.093385,0.0938635
100000,10000,100,0.2,4,"Heuristic 2: sum(max freq over windows)^2",3,0.281078,0.0937427,0.0940784
100000,10000,100,0.2,5,"Heuristic 3: sum(weighted_bucket_mass)^2",3,0.267042,0.0934953,0.0936617
100000,10000,100,0.5,0,"Brute Force",3,0.0507934,0,0
100000,10000,100,0.5,1,"Projection to Binary Alphabet",3,0.108263,0.245867,0.24609
100000,10000,100,0.5,2,"Sqrt",3,0.0076959,0,0
100000,10000,100,0.5,3,"Heuristic 1: sum(bucket_mass)^2",3,0.10956,0.245874,0.24639
100000,10000,100,0.5,4,"Heuristic 2: sum(max freq over windows)^2",3,0.119508,0.246928,0.247777
100000,10000,100,0.5,5,"Heuristic 3: sum(weighted_bucket_mass)^2",3,0.107854,0.245968,0.246589
100000,20000,100,0.05,0,"Brute Force",3,0.147809,0,0
100000,20000,100,0.05,1,"Projection to Binary Alphabet",3,1.06945,0.0168088,0.0168593
100000,20000,100,0.05,2,"Sqrt",3,0.0144616,0,0
100000,20000,100,0.05,3,"Heuristic 1: sum(bucket_mass)^2",3,1.05969,0.017035,0.01717
100000,20000,100,0.05,4,"Heuristic 2: sum(max freq over windows)^2",3,1.06449,0.0172681,0.0174234
100000,20000,100,0.05,5,"Heuristic 3: sum(weighted_bucket_mass)^2",3,1.05755,0.0171967,0.0173895
100000,20000,100,0.1,0,"Brute Force",3,0.149421,0,0
100000,20000,100,0.1,1,"Projection to Binary Alphabet",3,0.529876,0.0414709,0.0415762
100000,20000,100,0.1,2,"Sqrt",3,0.0151613,0,0
100000,20000,100,0.1,3,"Heuristic 1: sum(bucket_mass)^2",3,0.532223,0.0421435,0.0422258
100000,20000,100,0.1,4,"Heuristic 2: sum(max freq over windows)^2",3,0.542535,0.0420487,0.0423652
100000,20000,100,0.1,5,"Heuristic 3: sum(weighted_bucket_mass)^2",3,0.535844,0.0426871,0.0428868
100000,20000,100,0.2,0,"Brute Force",3,0.147755,0,0
100000,20000,100,0.2,1,"Projection to Binary Alphabet",3,0.267273,0.092548,0.0926748
100000,20000,100,0.2,2,"Sqrt",3,0.0149597,0,0
100000,20000,100,0.2,3,"Heuristic 1: sum(bucket_mass)^2",3,0.268447,0.0926687,0.0935637
100000,20000,100,0.2,4,"Heuristic 2: sum(max freq over windows)^2",3,0.280806,0.093018,0.0932713
100000,20000,100,0.2,5,"Heuristic 3: sum(weighted_bucket_mass)^2",3,0.258362,0.0931474,0.0937737
100000,20000,100,0.5,0,"Brute Force",3,0.146211,0,0
100000,20000,100,0.5,1,"Projection to Binary Alphabet",3,0.103298,0.244722,0.245506
100000,20000,100,0.5,2,"Sqrt",3,0.0141936,0,0
100000,20000,100,0.5,3,"Heuristic 1: sum(bucket_mass)^2",3,0.104284,0.244641,0.245452
100000,20000,100,0.5,4,"Heuristic 2: sum(max freq over windows)^2",3,0.130527,0.245064,0.245306
100000,20000,100,0.5,5,"Heuristic 3: sum(weighted_bucket_mass)^2",3,0.104639,0.245248,0.246186
100000,50000,100,0.05,0,"Brute Force",3,0.223951,0,0
100000,50000,100,0.05,1,"Projection to Binary Alphabet",3,1.98431,0.0165267,0.0165388
100000,50000,100,0.05,2,"Sqrt",3,0.0343134,0,0
100000,50000,100,0.05,3,"Heuristic 1: sum(bucket_mass)^2",3,2.03767,0.0167577,0.0168239
100000,50000,100,0.05,4,"Heuristic 2: sum(max freq over windows)^2",3,2.05042,0.0168244,0.0168831
100000,50000,100,0.05,5,"Heuristic 3: sum(weighted_bucket_mass)^2",3,1.99683,0.0170671,0.0171334
100000,50000,100,0.1,0,"Brute Force",3,0.224823,0,0
100000,50000,100,0.1,1,"Projection to Binary Alphabet",3,0.9926,0.0410378,0.0412
100000,50000,100,0.1,2,"Sqrt",3,0.0357197,0,0
100000,50000,100,0.1,3,"Heuristic 1: sum(bucket_mass)^2",3,1.03617,0.0417744,0.0419587
100000,50000,100,0.1,4,"Heuristic 2: sum(max freq over windows)^2",3,1.04705,0.0417048,0.0418072
100000,50000,100,0.1,5,"Heuristic 3: sum(weighted_bucket_mass)^2",3,0.990994,0.0418613,0.0421284
100000,50000,100,0.2,0,"Brute Force",3,0.223876,0,0
100000,50000,100,0.2,1,"Projection to Binary Alphabet",3,0.494267,0.0917778,0.0918495
100000,50000,100,0.2,2,"Sqrt",3,0.0355656,0,0
100000,50000,100,0.2,3,"Heuristic 1: sum(bucket_mass)^2",3,0.491798,0.0920545,0.0923049
100000,50000,100,0.2,4,"Heuristic 2: sum(max freq over windows)^2",3,0.500253,0.0922665,0.0924317
100000,50000,100,0.2,5,"Heuristic 3: sum(weighted_bucket_mass)^2",3,0.492142,0.092408,0.0927126
100000,50000,100,0.5,0,"Brute Force",3,0.223784,0,0
100000,50000,100,0.5,1,"Projection to Binary Alphabet",3,0.198475,0.243701,0.244127
100000,50000,100,0.5,2,"Sqrt",3,0.0345233,0,0
100000,50000,100,0.5,3,"Heuristic 1: sum(bucket_mass)^2",3,0.198171,0.243964,0.244309
100000,50000,100,0.5,4,"Heuristic 2: sum(max freq over windows)^2",3,0.207574,0.244256,0.244343
100000,50000,100,0.5,5,"Heuristic 3: sum(weighted_bucket_mass)^2",3,0.198283,0.244204,0.244904
100000,5000,1000,0.05,0,"Brute Force",3,0.0279779,0,0
100000,5000,1000,0.05,1,"Projection to Binary Alphabet",3,1.02089,0.0255572,0.0256359
100000,5000,1000,0.05,2,"Sqrt",3,0.00105003,0,0
100000,5000,1000,0.05,3,"Heuristic 1: sum(bucket_mass)^2",3,1.00827,0.0258205,0.0262052
100000,5000,1000,0.05,4,"Heuristic 2: sum(max freq over windows)^2",3,1.01717,0.025689,0.0258362
100000,5000,1000,0.05,5,"Heuristic 3: sum(weighted_bucket_mass)^2",3,1.01439,0.0259662,0.0262315
100000,5000,1000,0.1,0,"Brute Force",3,0.0279179,0,0
100000,5000,1000,0.1,1,"Projection to Binary Alphabet",3,0.510449,0.0510749,0.0516206
100000,5000,1000,0.1,2,"Sqrt",3,0.00103615,0,0
100000,5000,1000,0.1,3,"Heuristic 1: sum(bucket_mass)^2",3,0.506003,0.0513214,0.0514618
100000,5000,1000,0.1,4,"Heuristic 2: sum(max freq over windows)^2",3,0.515462,0.0515952,0.0516517
100000,5000,1000,0.1,5,"Heuristic 3: sum(weighted_bucket_mass)^2",3,0.506213,0.0517253,0.0518207
100000,5000,1000,0.2,0,"Brute Force",3,0.0280906,0,0
100000,5000,1000,0.2,1,"Projection to Binary Alphabet",3,0.255841,0.102484,0.102626
100000,5000,1000,0.2,2,"Sqrt",3,0.00100011,0,0
100000,5000,1000,0.2,3,"Heuristic 1: sum(bucket_mass)^2",3,0.254389,0.101675,0.10182
100000,5000,1000,0.2,4,"Heuristic 2: sum(max freq over windows)^2",3,0.265209,0.102436,0.103262
100000,5000,1000,0.2,5,"Heuristic 3: sum(weighted_bucket_mass)^2",3,0.254356,0.102562,0.102764
100000,5000,1000,0.5,0,"Brute Force",3,0.028015,0,0
100000,5000,1000,0.5,1,"Projection to Binary Alphabet",3,0.103155,0.253337,0.253854
100000,5000,1000,0.5,2,"Sqrt",3,0.00104999,0,0
100000,5000,1000,0.5,3,"Heuristic 1: sum(bucket_mass)^2",3,0.103395,0.253671,0.254258
100000,5000,1000,0.5,4,"Heuristic 2: sum(max freq over windows)^2",3,0.114467,0.25377,0.254604
100000,5000,1000,0.5,5,"Heuristic 3: sum(weighted_bucket_mass)^2",3,0.103484,0.25377,0.254757
100000,10000,1000,0.05,0,"Brute Force",3,0.0507378,0,0
100000,10000,1000,0.05,1,"Projection to Binary Alphabet",3,1.02096,0.0250909,0.0252328
100000,10000,1000,0.05,2,"Sqrt",3,0.00134631,0,0
100000,10000,1000,0.05,3,"Heuristic 1: sum(bucket_mass)^2",3,1.02293,0.0252962,0.0253329
100000,10000,1000,0.05,4,"Heuristic 2: sum(max freq over windows)^2",3,1.03249,0.0253637,0.0259259
100000,10000,1000,0.05,5,"Heuristic 3: sum(weighted_bucket_mass)^2",3,1.02258,0.0252209,0.0255077
100000,10000,1000,0.1,0,"Brute Force",3,0.0507606,0,0
100000,10000,1000,0.1,1,"Projection to Binary Alphabet",3,0.517293,0.050649,0.0508712
100000,10000,1000,0.1,2,"Sqrt",3,0.00138585,0,0
100000,10000,1000,0.1,3,"Heuristic 1: sum(bucket_mass)^2",3,0.512291,0.0505624,0.0507558
100000,10000,1000,0.1,4,"Heuristic 2: sum(max freq over windows)^2",3,0.521623,0.0506405,0.0508356
100000,10000,1000,0.1,5,"Heuristic 3: sum(weighted_bucket_mass)^2",3,0.511867,0.0505374,0.0506912
100000,10000,1000,0.2,0,"Brute Force",3,0.0506417,0,0
100000,10000,1000,0.2,1,"Projection to Binary Alphabet",3,0.256517,0.101502,0.101591
100000,10000,1000,0.2,2,"Sqrt",3,0.00135601,0,0
100000,10000,1000,0.2,3,"Heuristic 1: sum(bucket_mass)^2",3,0.257605,0.101148,0.101412
100000,10000,1000,0.2,4,"Heuristic 2: sum(max freq over windows)^2",3,0.267587,0.101058,0.101642
100000,10000,1000,0.2,5,"Heuristic 3: sum(weighted_bucket_mass)^2",3,0.257345,0.101932,0.102793
100000,10000,1000,0.5,0,"Brute Force",3,0.0507537,0,0
100000,10000,1000,0.5,1,"Projection to Binary Alphabet",3,0.103411,0.252253,0.252503
100000,10000,1000,0.5,2,"Sqrt",3,0.00134167,0,0
100000,10000,1000,0.5,3,"Heuristic 1: sum(bucket_mass)^2",3,0.104247,0.252753,0.25393
100000,10000,1000,0.5,4,"Heuristic 2: sum(max freq over windows)^2",3,0.114911,0.252353,0.252852
100000,10000,1000,0.5,5,"Heuristic 3: sum(weighted_bucket_mass)^2",3,0.104156,0.252377,0.252778
100000,20000,1000,0.05,0,"Brute Force",3,0.149379,0,0
100000,20000,1000,0.05,1,"Projection to Binary Alphabet",3,1.02769,0.0247431,0.0247785
100000,20000,1000,0.05,2,"Sqrt",3,0.00207649,0,0
100000,20000,1000,0.05,3,"Heuristic 1: sum(bucket_mass)^2",3,1.02458,0.024824,0.0250213
100000,20000,1000,0.05,4,"Heuristic 2: sum(max freq over windows)^2",3,1.03652,0.0248382,0.0248799
100000,20000,1000,0.05,5,"Heuristic 3: sum(weighted_bucket_mass)^2",3,1.02526,0.0247472,0.0249249
100000,20000,1000,0.1,0,"Brute Force",3,0.149428,0,0
100000,20000,1000,0.1,1,"Projection to Binary Alphabet",3,0.513663,0.0502494,0.0504479
100000,20000,1000,0.1,2,"Sqrt",3,0.00207351,0,0
100000,20000,1000,0.1,3,"Heuristic 1: sum(bucket_mass)^2",3,0.512376,0.0501835,0.0503453
100000,20000,1000,0.1,4,"Heuristic 2: sum(max freq over windows)^2",3,0.527781,0.0500759,0.0502427
100000,20000,1000,0.1,5,"Heuristic 3: sum(weighted_bucket_mass)^2",3,0.512998,0.0504245,0.0505455
100000,20000,1000,0.2,0,"Brute Force",3,0.148998,0,0
100000,20000,1000,0.2,1,"Projection to Binary Alphabet",3,0.255859,0.1005,0.10058
100000,20000,1000,0.2,2,"Sqrt",3,0.00209471,0,0
100000,20000,1000,0.2,3,"Heuristic 1: sum(bucket_mass)^2",3,0.256852,0.100702,0.100756
100000,20000,1000,0.2,4,"Heuristic 2: sum(max freq over windows)^2",3,0.267356,0.100838,0.101011
100000,20000,1000,0.2,5,"Heuristic 3: sum(weighted_bucket_mass)^2",3,0.257058,0.100844,0.101277
100000,20000,1000,0.5,0,"Brute Force",3,0.149148,0,0
100000,20000,1000,0.5,1,"Projection to Binary Alphabet",3,0.10263,0.25146,0.251814
100000,20000,1000,0.5,2,"Sqrt",3,0.00205725,0,0
100000,20000,1000,0.5,3,"Heuristic 1: sum(bucket_mass)^2",3,0.103746,0.251914,0.252477
100000,20000,1000,0.5,4,"Heuristic 2: sum(max freq over windows)^2",3,0.114369,0.251447,0.251702
100000,20000,1000,0.5,5,"Heuristic 3: sum(weighted_bucket_mass)^2",3,0.103749,0.251435,0.251689
100000,50000,1000,0.05,0,"Brute Force",3,0.230964,0,0
100000,50000,1000,0.05,1,"Projection to Binary Alphabet",3,1.98589,0.0244833,0.0245386
100000,50000,1000,0.05,2,"Sqrt",3,0.00424699,0,0
100000,50000,1000,0.05,3,"Heuristic 1: sum(bucket_mass)^2",3,1.95466,0.0245857,0.0246686
100000,50000,1000,0.05,4,"Heuristic 2: sum(max freq over windows)^2",3,1.96923,0.0245198,0.02455
100000,50000,1000,0.05,5,"Heuristic 3: sum(weighted_bucket_mass)^2",3,1.95607,0.0246995,0.0248679
100000,50000,1000,0.1,0,"Brute Force",3,0.225082,0,0
100000,50000,1000,0.1,1,"Projection to Binary Alphabet",3,0.983277,0.0498005,0.0498479
100000,50000,1000,0.1,2,"Sqrt",3,0.0042469,0,0
100000,50000,1000,0.1,3,"Heuristic 1: sum(bucket_mass)^2",3,0.978144,0.0497755,0.049952
100000,50000,1000,0.1,4,"Heuristic 2: sum(max freq over windows)^2",3,0.992811,0.0497798,0.0498209
100000,50000,1000,0.1,5,"Heuristic 3: sum(weighted_bucket_mass)^2",3,0.979655,0.0498595,0.049992
100000,50000,1000,0.2,0,"Brute Force",3,0.224171,0,0
100000,50000,1000,0.2,1,"Projection to Binary Alphabet",3,0.494573,0.100182,0.100665
100000,50000,1000,0.2,2,"Sqrt",3,0.00424429,0,0
100000,50000,1000,0.2,3,"Heuristic 1: sum(bucket_mass)^2",3,0.493158,0.100167,0.100438
100000,50000,1000,0.2,4,"Heuristic 2: sum(max freq over windows)^2",3,0.499171,0.0999446,0.100042
100000,50000,1000,0.2,5,"Heuristic 3: sum(weighted_bucket_mass)^2",3,0.493768,0.0999953,0.100204
100000,50000,1000,0.5,0,"Brute Force",3,0.251745,0,0
100000,50000,1000,0.5,1,"Projection to Binary Alphabet",3,0.207046,0.25035,0.250571
100000,50000,1000,0.5,2,"Sqrt",3,0.00452979,0,0
100000,50000,1000,0.5,3,"Heuristic 1: sum(bucket_mass)^2",3,0.205209,0.250677,0.251041
100000,50000,1000,0.5,4,"Heuristic 2: sum(max freq over windows)^2",3,0.210159,0.250554,0.250641
100000,50000,1000,0.5,5,"Heuristic 3: sum(weighted_bucket_mass)^2",3,0.199109,0.250924,0.251596
1000000,50000,10,0.05,0,"Brute Force",3,4.30999,0,0
1000000,50000,10,0.05,1,"Projection to Binary Alphabet",3,6.03375,0,0
1000000,50000,10,0.05,2,"Sqrt",3,0.594076,0,0
1000000,50000,10,0.05,3,"Heuristic 1: sum(bucket_mass)^2",3,5.46195,0,0
1000000,50000,10,0.05,4,"Heuristic 2: sum(max freq over windows)^2",3,5.56177,0,0
1000000,50000,10,0.05,5,"Heuristic 3: sum(weighted_bucket_mass)^2",3,5.43092,0,0
1000000,50000,10,0.1,0,"Brute Force",3,4.34374,0,0
1000000,50000,10,0.1,1,"Projection to Binary Alphabet",3,6.19812,0,0
1000000,50000,10,0.1,2,"Sqrt",3,0.604642,0,0
1000000,50000,10,0.1,3,"Heuristic 1: sum(bucket_mass)^2",3,5.57503,0,0
1000000,50000,10,0.1,4,"Heuristic 2: sum(max freq over windows)^2",3,5.70137,0,0
1000000,50000,10,0.1,5,"Heuristic 3: sum(weighted_bucket_mass)^2",3,5.52384,0,0.0236166
1000000,50000,10,0.2,0,"Brute Force",3,4.26895,0,0
1000000,50000,10,0.2,1,"Projection to Binary Alphabet",3,6.13,0,0
1000000,50000,10,0.2,2,"Sqrt",3,0.5989,0,0
1000000,50000,10,0.2,3,"Heuristic 1: sum(bucket_mass)^2",3,5.40578,0,0
1000000,50000,10,0.2,4,"Heuristic 2: sum(max freq over windows)^2",3,5.71199,0.00777551,0.0233265
1000000,50000,10,0.2,5,"Heuristic 3: sum(weighted_bucket_mass)^2",3,5.45438,0.00769174,0.0230752
1000000,50000,10,0.5,0,"Brute Force",3,4.30153,0,0
1000000,50000,10,0.5,1,"Projection to Binary Alphabet",3,2.4036,0.179052,0.179392
1000000,50000,10,0.5,2,"Sqrt",3,0.596196,0,0
1000000,50000,10,0.5,3,"Heuristic 1: sum(bucket_mass)^2",3,2.26295,0.179522,0.180294
1000000,50000,10,0.5,4,"Heuristic 2: sum(max freq over windows)^2",3,2.34489,0.178986,0.179342
1000000,50000,10,0.5,5,"Heuristic 3: sum(weighted_bucket_mass)^2",3,2.16658,0.179326,0.179629
1000000,100000,10,0.05,0,"Brute Force",3,8.1715,0,0
1000000,100000,10,0.05,1,"Projection to Binary Alphabet",3,6.05077,0,0
1000000,100000,10,0.05,2,"Sqrt",3,0.605895,0,0
1000000,100000,10,0.05,3,"Heuristic 1: sum(bucket_mass)^2",3,5.49152,0,0
1000000,100000,10,0.05,4,"Heuristic 2: sum(max freq over windows)^2",3,5.59998,0,0
1000000,100000,10,0.05,5,"Heuristic 3: sum(weighted_bucket_mass)^2",3,5.5474,0,0
1000000,100000,10,0.1,0,"Brute Force",3,8.14186,0,0
1000000,100000,10,0.1,1,"Projection to Binary Alphabet",3,6.23969,0,0
1000000,100000,10,0.1,2,"Sqrt",3,0.607582,0,0
1000000,100000,10,0.1,3,"Heuristic 1: sum(bucket_mass)^2",3,5.57502,0,0
1000000,100000,10,0.1,4,"Heuristic 2: sum(max freq over windows)^2",3,5.61464,0,0
1000000,100000,10,0.1,5,"Heuristic 3: sum(weighted_bucket_mass)^2",3,5.55116,0,0
1000000,100000,10,0.2,0,"Brute Force",3,8.17898,0,0
1000000,100000,10,0.2,1,"Projection to Binary Alphabet",3,6.10372,0,0
1000000,100000,10,0.2,2,"Sqrt",3,0.602454,0,0
1000000,100000,10,0.2,3,"Heuristic 1: sum(bucket_mass)^2",3,5.48234,0,0
1000000,100000,10,0.2,4,"Heuristic 2: sum(max freq over windows)^2",3,5.61353,0,0
1000000,100000,10,0.2,5,"Heuristic 3: sum(weighted_bucket_mass)^2",3,5.42598,0.0076482,0.0229446
1000000,100000,10,0.5,0,"Brute Force",3,8.17315,0,0
1000000,100000,10,0.5,1,"Projection to Binary Alphabet",3,2.52702,0.178684,0.178818
1000000,100000,10,0.5,2,"Sqrt",3,0.608546,0,0
1000000,100000,10,0.5,3,"Heuristic 1: sum(bucket_mass)^2",3,2.25075,0.179121,0.179726
1000000,100000,10,0.5,4,"Heuristic 2: sum(max freq over windows)^2",3,2.34646,0.178697,0.179011
1000000,100000,10,0.5,5,"Heuristic 3: sum(weighted_bucket_mass)^2",3,2.19903,0.178934,0.179346
1000000,200000,10,0.05,0,"Brute Force",3,14.859,0,0
1000000,200000,10,0.05,1,"Projection to Binary Alphabet",3,6.0729,0,0
1000000,200000,10,0.05,2,"Sqrt",3,0.609883,0,0
1000000,200000,10,0.05,3,"Heuristic 1: sum(bucket_mass)^2",3,5.39906,0,0
1000000,200000,10,0.05,4,"Heuristic 2: sum(max freq over windows)^2",3,5.67262,0,0
1000000,200000,10,0.05,5,"Heuristic 3: sum(weighted_bucket_mass)^2",3,5.45087,0,0
1000000,200000,10,0.1,0,"Brute Force",3,14.4245,0,0
1000000,200000,10,0.1,1,"Projection to Binary Alphabet",3,6.03716,0,0
1000000,200000,10,0.1,2,"Sqrt",3,0.599422,0,0
1000000,200000,10,0.1,3,"Heuristic 1: sum(bucket_mass)^2",3,5.41431,0,0
1000000,200000,10,0.1,4,"Heuristic 2: sum(max freq over windows)^2",3,5.59486,0,0
1000000,200000,10,0.1,5,"Heuristic 3: sum(weighted_bucket_mass)^2",3,5.57713,0,0
1000000,200000,10,0.2,0,"Brute Force",3,14.284,0,0
1000000,200000,10,0.2,1,"Projection to Binary Alphabet",3,6.04528,0,0
1000000,200000,10,0.2,2,"Sqrt",3,0.613359,0,0
1000000,200000,10,0.2,3,"Heuristic 1: sum(bucket_mass)^2",3,5.50872,0,0
1000000,200000,10,0.2,4,"Heuristic 2: sum(max freq over windows)^2",3,5.56515,0.00753789,0.0226137
1000000,200000,10,0.2,5,"Heuristic 3: sum(weighted_bucket_mass)^2",3,5.45652,0,0.0226896
1000000,200000,10,0.5,0,"Brute Force",3,14.3372,0,0
1000000,200000,10,0.5,1,"Projection to Binary Alphabet",3,2.40993,0.17821,0.178359
1000000,200000,10,0.5,2,"Sqrt",3,0.599415,0,0
1000000,200000,10,0.5,3,"Heuristic 1: sum(bucket_mass)^2",3,2.18447,0.178396,0.178561
1000000,200000,10,0.5,4,"Heuristic 2: sum(max freq over windows)^2",3,2.32041,0.178719,0.178776
1000000,200000,10,0.5,5,"Heuristic 3: sum(weighted_bucket_mass)^2",3,2.20261,0.178769,0.179271
1000000,500000,10,0.05,0,"Brute Force",3,22.4368,0,0
1000000,500000,10,0.05,1,"Projection to Binary Alphabet",3,6.11118,0,0
1000000,500000,10,0.05,2,"Sqrt",3,0.617237,0,0
1000000,500000,10,0.05,3,"Heuristic 1: sum(bucket_mass)^2",3,5.45291,0,0
1000000,500000,10,0.05,4,"Heuristic 2: sum(max freq over windows)^2",3,5.59306,0,0
1000000,500000,10,0.05,5,"Heuristic 3: sum(weighted_bucket_mass)^2",3,5.50024,0,0
1000000,500000,10,0.1,0,"Brute Force",3,22.6521,0,0
1000000,500000,10,0.1,1,"Projection to Binary Alphabet",3,6.31757,0,0
1000000,500000,10,0.1,2,"Sqrt",3,0.632883,0,0
1000000,500000,10,0.1,3,"Heuristic 1: sum(bucket_mass)^2",3,5.62576,0,0
1000000,500000,10,0.1,4,"Heuristic 2: sum(max freq over windows)^2",3,5.81332,0,0
1000000,500000,10,0.1,5,"Heuristic 3: sum(weighted_bucket_mass)^2",3,5.58726,0,0
1000000,500000,10,0.2,0,"Brute Force",3,22.5276,0,0
1000000,500000,10,0.2,1,"Projection to Binary Alphabet",3,6.17131,0,0
1000000,500000,10,0.2,2,"Sqrt",3,0.611342,0,0
1000000,500000,10,0.2,3,"Heuristic 1: sum(bucket_mass)^2",3,5.53022,0,0
1000000,500000,10,0.2,4,"Heuristic 2: sum(max freq over windows)^2",3,5.68619,0.00755502,0.0226651
1000000,500000,10,0.2,5,"Heuristic 3: sum(weighted_bucket_mass)^2",3,5.57354,0,0
1000000,500000,10,0.5,0,"Brute Force",3,22.6515,0,0
1000000,500000,10,0.5,1,"Projection to Binary Alphabet",3,2.46098,0.178048,0.178187
1000000,500000,10,0.5,2,"Sqrt",3,0.614442,0,0
1000000,500000,10,0.5,3,"Heuristic 1: sum(bucket_mass)^2",3,2.23604,0.178257,0.178359
1000000,500000,10,0.5,4,"Heuristic 2: sum(max freq over windows)^2",3,2.41446,0.178406,0.178865
1000000,500000,10,0.5,5,"Heuristic 3: sum(weighted_bucket_mass)^2",3,2.37577,0.178317,0.178453
1000000,50000,100,0.05,0,"Brute Force",3,4.27768,0,0
1000000,50000,100,0.05,1,"Projection to Binary Alphabet",3,24.2051,0.0165622,0.0166381
1000000,50000,100,0.05,2,"Sqrt",3,0.431169,0,0
1000000,50000,100,0.05,3,"Heuristic 1: sum(bucket_mass)^2",3,21.8928,0.0168655,0.0171187
1000000,50000,100,0.05,4,"Heuristic 2: sum(max freq over windows)^2",3,21.9206,0.0169488,0.0169902
1000000,50000,100,0.05,5,"Heuristic 3: sum(weighted_bucket_mass)^2",3,21.902,0.0170565,0.017164
1000000,50000,100,0.1,0,"Brute Force",3,4.44839,0,0
1000000,50000,100,0.1,1,"Projection to Binary Alphabet",3,12.2149,0.0410921,0.0411996
1000000,50000,100,0.1,2,"Sqrt",3,0.437347,0,0
1000000,50000,100,0.1,3,"Heuristic 1: sum(bucket_mass)^2",3,10.9642,0.0418716,0.0421133
1000000,50000,100,0.1,4,"Heuristic 2: sum(max freq over windows)^2",3,11.1667,0.0418299,0.0419284
1000000,50000,100,0.1,5,"Heuristic 3: sum(weighted_bucket_mass)^2",3,11.1071,0.0420025,0.0422367
1000000,50000,100,0.2,0,"Brute Force",3,4.33845,0,0
1000000,50000,100,0.2,1,"Projection to Binary Alphabet",3,6.18713,0.0917503,0.0918788
1000000,50000,100,0.2,2,"Sqrt",3,0.450801,0,0
1000000,50000,100,0.2,3,"Heuristic 1: sum(bucket_mass)^2",3,5.64424,0.0923047,0.0925619
1000000,50000,100,0.2,4,"Heuristic 2: sum(max freq over windows)^2",3,5.55238,0.092623,0.0928856
1000000,50000,100,0.2,5,"Heuristic 3: sum(weighted_bucket_mass)^2",3,5.44854,0.0927664,0.0928185
1000000,50000,100,0.5,0,"Brute Force",3,4.38495,0,0
1000000,50000,100,0.5,1,"Projection to Binary Alphabet",3,2.56256,0.243652,0.243756
1000000,50000,100,0.5,2,"Sqrt",3,0.457857,0,0
1000000,50000,100,0.5,3,"Heuristic 1: sum(bucket_mass)^2",3,2.28684,0.244024,0.244237
1000000,50000,100,0.5,4,"Heuristic 2: sum(max freq over windows)^2",3,2.38767,0.244247,0.24452
1000000,50000,100,0.5,5,"Heuristic 3: sum(weighted_bucket_mass)^2",3,2.18116,0.244378,0.244645
1000000,100000,100,0.05,0,"Brute Force",3,8.10932,0,0
1000000,100000,100,0.05,1,"Projection to Binary Alphabet",3,24.4754,0.0164544,0.0165009
1000000,100000,100,0.05,2,"Sqrt",3,0.884474,0,0
1000000,100000,100,0.05,3,"Heuristic 1: sum(bucket_mass)^2",3,22.0822,0.0167209,0.0167995
1000000,100000,100,0.05,4,"Heuristic 2: sum(max freq over windows)^2",3,22.0407,0.0167262,0.0168658
1000000,100000,100,0.05,5,"Heuristic 3: sum(weighted_bucket_mass)^2",3,21.9774,0.0169662,0.0171457
1000000,100000,100,0.1,0,"Brute Force",3,8.26666,0,0
1000000,100000,100,0.1,1,"Projection to Binary Alphabet",3,12.3088,0.0408274,0.0408604
1000000,100000,100,0.1,2,"Sqrt",3,0.863666,0,0
1000000,100000,100,0.1,3,"Heuristic 1: sum(bucket_mass)^2",3,11.0837,0.0416021,0.0416759
1000000,100000,100,0.1,4,"Heuristic 2: sum(max freq over windows)^2",3,10.9888,0.0417881,0.0421097
1000000,100000,100,0.1,5,"Heuristic 3: sum(weighted_bucket_mass)^2",3,11.1157,0.0418308,0.0421048
1000000,100000,100,0.2,0,"Brute Force",3,8.03689,0,0
1000000,100000,100,0.2,1,"Projection to Binary Alphabet",3,6.1396,0.0914743,0.0915314
1000000,100000,100,0.2,2,"Sqrt",3,0.880256,0,0
1000000,100000,100,0.2,3,"Heuristic 1: sum(bucket_mass)^2",3,5.46212,0.0921254,0.0922539
1000000,100000,100,0.2,4,"Heuristic 2: sum(max freq over windows)^2",3,5.56437,0.0920542,0.0921471
1000000,100000,100,0.2,5,"Heuristic 3: sum(weighted_bucket_mass)^2",3,5.50129,0.0922982,0.0930317
1000000,100000,100,0.5,0,"Brute Force",3,8.14956,0,0
1000000,100000,100,0.5,1,"Projection to Binary Alphabet",3,2.40489,0.243284,0.243655
1000000,100000,100,0.5,2,"Sqrt",3,0.843653,0,0
1000000,100000,100,0.5,3,"Heuristic 1: sum(bucket_mass)^2",3,2.20073,0.243595,0.243932
1000000,100000,100,0.5,4,"Heuristic 2: sum(max freq over windows)^2",3,2.29989,0.243829,0.244021
1000000,100000,100,0.5,5,"Heuristic 3: sum(weighted_bucket_mass)^2",3,2.23126,0.244043,0.244221
1000000,200000,100,0.05,0,"Brute Force",3,14.6068,0,0
1000000,200000,100,0.05,1,"Projection to Binary Alphabet",3,24.7476,0.0163674,0.016384
1000000,200000,100,0.05,2,"Sqrt",3,1.82743,0,0
1000000,200000,100,0.05,3,"Heuristic 1: sum(bucket_mass)^2",3,22.1734,0.0166339,0.0167007
1000000,200000,100,0.05,4,"Heuristic 2: sum(max freq over windows)^2",3,22.3505,0.0166456,0.016704
1000000,200000,100,0.05,5,"Heuristic 3: sum(weighted_bucket_mass)^2",3,22.0241,0.01667,0.0167788
1000000,200000,100,0.1,0,"Brute Force",3,14.4679,0,0
1000000,200000,100,0.1,1,"Projection to Binary Alphabet",3,12.3691,0.0407264,0.0407809
1000000,200000,100,0.1,2,"Sqrt",3,1.77024,0,0
1000000,200000,100,0.1,3,"Heuristic 1: sum(bucket_mass)^2",3,11.0096,0.0414446,0.0415452
1000000,200000,100,0.1,4,"Heuristic 2: sum(max freq over windows)^2",3,11.1681,0.0415436,0.041678
1000000,200000,100,0.1,5,"Heuristic 3: sum(weighted_bucket_mass)^2",3,10.9539,0.0415949,0.0418315
1000000,200000,100,0.2,0,"Brute Force",3,14.3351,0,0
1000000,200000,100,0.2,1,"Projection to Binary Alphabet",3,6.07888,0.0913297,0.0913536
1000000,200000,100,0.2,2,"Sqrt",3,1.70231,0,0
1000000,200000,100,0.2,3,"Heuristic 1: sum(bucket_mass)^2",3,5.49506,0.0918578,0.0919335
1000000,200000,100,0.2,4,"Heuristic 2: sum(max freq over windows)^2",3,5.52264,0.0918547,0.092054
1000000,200000,100,0.2,5,"Heuristic 3: sum(weighted_bucket_mass)^2",3,5.39721,0.0921512,0.0923619
1000000,200000,100,0.5,0,"Brute Force",3,14.2554,0,0
1000000,200000,100,0.5,1,"Projection to Binary Alphabet",3,2.39766,0.243119,0.24319
1000000,200000,100,0.5,2,"Sqrt",3,1.66987,0,0
1000000,200000,100,0.5,3,"Heuristic 1: sum(bucket_mass)^2",3,2.18284,0.243413,0.24346
1000000,200000,100,0.5,4,"Heuristic 2: sum(max freq over windows)^2",3,2.30244,0.243489,0.243551
1000000,200000,100,0.5,5,"Heuristic 3: sum(weighted_bucket_mass)^2",3,2.18288,0.243753,0.24401
1000000,500000,100,0.05,0,"Brute Force",3,22.3998,0,0
1000000,500000,100,0.05,1,"Projection to Binary Alphabet",3,24.2543,0.016276,0.0162882
1000000,500000,100,0.05,2,"Sqrt",3,4.2932,0,0
1000000,500000,100,0.05,3,"Heuristic 1: sum(bucket_mass)^2",3,22.5191,0.0164803,0.0165036
1000000,500000,100,0.05,4,"Heuristic 2: sum(max freq over windows)^2",3,21.8618,0.0164899,0.0166504
1000000,500000,100,0.05,5,"Heuristic 3: sum(weighted_bucket_mass)^2",3,21.7355,0.0166393,0.0168404
1000000,500000,100,0.1,0,"Brute Force",3,22.5116,0,0
1000000,500000,100,0.1,1,"Projection to Binary Alphabet",3,12.2251,0.0405684,0.0405799
1000000,500000,100,0.1,2,"Sqrt",3,4.31113,0,0
1000000,500000,100,0.1,3,"Heuristic 1: sum(bucket_mass)^2",3,11.111,0.0411443,0.0412438
1000000,500000,100,0.1,4,"Heuristic 2: sum(max freq over windows)^2",3,11.0771,0.0412016,0.0413042
1000000,500000,100,0.1,5,"Heuristic 3: sum(weighted_bucket_mass)^2",3,11.0315,0.0414053,0.0418083
1000000,500000,100,0.2,0,"Brute Force",3,22.4987,0,0
1000000,500000,100,0.2,1,"Projection to Binary Alphabet",3,6.06522,0.0911891,0.0912074
1000000,500000,100,0.2,2,"Sqrt",3,4.2877,0,0
1000000,500000,100,0.2,3,"Heuristic 1: sum(bucket_mass)^2",3,5.44223,0.0916523,0.0917027
1000000,500000,100,0.2,4,"Heuristic 2: sum(max freq over windows)^2",3,5.54367,0.0915285,0.0918336
1000000,500000,100,0.2,5,"Heuristic 3: sum(weighted_bucket_mass)^2",3,5.44805,0.0918878,0.0919774
1000000,500000,100,0.5,0,"Brute Force",3,22.5225,0,0
1000000,500000,100,0.5,1,"Projection to Binary Alphabet",3,2.42889,0.242817,0.242826
1000000,500000,100,0.5,2,"Sqrt",3,4.27773,0,0
1000000,500000,100,0.5,3,"Heuristic 1: sum(bucket_mass)^2",3,2.22236,0.243068,0.243086
1000000,500000,100,0.5,4,"Heuristic 2: sum(max freq over windows)^2",3,2.43754,0.243083,0.243144
1000000,500000,100,0.5,5,"Heuristic 3: sum(weighted_bucket_mass)^2",3,2.25593,0.243255,0.243302
1000000,50000,1000,0.05,0,"Brute Force",3,4.26834,0,0
1000000,50000,1000,0.05,1,"Projection to Binary Alphabet",3,24.135,0.0244568,0.024566
1000000,50000,1000,0.05,2,"Sqrt",3,0.0500026,0,0
1000000,50000,1000,0.05,3,"Heuristic 1: sum(bucket_mass)^2",3,21.4918,0.0246679,0.0247398
1000000,50000,1000,0.05,4,"Heuristic 2: sum(max freq over windows)^2",3,21.6013,0.0245883,0.0246217
1000000,50000,1000,0.05,5,"Heuristic 3: sum(weighted_bucket_mass)^2",3,21.5055,0.0246057,0.0247658
1000000,50000,1000,0.1,0,"Brute Force",3,4.27377,0,0
1000000,50000,1000,0.1,1,"Projection to Binary Alphabet",3,12.2542,0.0497805,0.0498659
1000000,50000,1000,0.1,2,"Sqrt",3,0.0502442,0,0
1000000,50000,1000,0.1,3,"Heuristic 1: sum(bucket_mass)^2",3,10.7252,0.0499413,0.0501692
1000000,50000,1000,0.1,4,"Heuristic 2: sum(max freq over windows)^2",3,10.8466,0.0498435,0.0499179
1000000,50000,1000,0.1,5,"Heuristic 3: sum(weighted_bucket_mass)^2",3,10.7311,0.0499076,0.0500501
1000000,50000,1000,0.2,0,"Brute Force",3,4.27199,0,0
1000000,50000,1000,0.2,1,"Projection to Binary Alphabet",3,6.00498,0.100009,0.100034
1000000,50000,1000,0.2,2,"Sqrt",3,0.0498526,0,0
1000000,50000,1000,0.2,3,"Heuristic 1: sum(bucket_mass)^2",3,5.42857,0.100195,0.100288
1000000,50000,1000,0.2,4,"Heuristic 2: sum(max freq over windows)^2",3,5.48285,0.100126,0.100188
1000000,50000,1000,0.2,5,"Heuristic 3: sum(weighted_bucket_mass)^2",3,5.37291,0.100262,0.100354
1000000,50000,1000,0.5,0,"Brute Force",3,4.28988,0,0
1000000,50000,1000,0.5,1,"Projection to Binary Alphabet",3,2.39328,0.250546,0.250716
1000000,50000,1000,0.5,2,"Sqrt",3,0.0491431,0,0
1000000,50000,1000,0.5,3,"Heuristic 1: sum(bucket_mass)^2",3,2.19288,0.250813,0.250936
1000000,50000,1000,0.5,4,"Heuristic 2: sum(max freq over windows)^2",3,2.28996,0.250834,0.251221
1000000,50000,1000,0.5,5,"Heuristic 3: sum(weighted_bucket_mass)^2",3,2.15554,0.250736,0.251206
1000000,100000,1000,0.05,0,"Brute Force",3,7.99945,0,0
1000000,100000,1000,0.05,1,"Projection to Binary Alphabet",3,24.264638,0.024088,0.024473
1000000,100000,1000,0.05,2,"Sqrt",3,0.0884689,0,0
1000000,100000,1000,0.05,3,"Heuristic 1: sum(bucket_mass)^2",3,21.857955,0.019023,0.024495
1000000,100000,1000,0.05,4,"Heuristic 2: sum(max freq over windows)^2",3,21.1982,0.0244625,0.0245731
1000000,100000,1000,0.05,5,"Heuristic 3: sum(weighted_bucket_mass)^2",3,22.3639,0.024531,0.0245836
1000000,100000,1000,0.1,0,"Brute Force",3,8.30788,0,0
1000000,100000,1000,0.1,1,"Projection to Binary Alphabet",3,12.3085,0.0495155,0.049539
1000000,100000,1000,0.1,2,"Sqrt",3,0.104621,0,0
1000000,100000,1000,0.1,3,"Heuristic 1: sum(bucket_mass)^2",3,11.4183,0.0496243,0.0496516
1000000,100000,1000,0.1,4,"Heuristic 2: sum(max freq over windows)^2",3,10.9404,0.0496668,0.0496902
1000000,100000,1000,0.1,5,"Heuristic 3: sum(weighted_bucket_mass)^2",3,10.9142,0.049675,0.0497828
1000000,100000,1000,0.2,0,"Brute Force",3,8.25344,0,0
1000000,100000,1000,0.2,1,"Projection to Binary Alphabet",3,6.25221,0.0997731,0.0998558
1000000,100000,1000,0.2,2,"Sqrt",3,0.101575,0,0
1000000,100000,1000,0.2,3,"Heuristic 1: sum(bucket_mass)^2",3,5.70827,0.0998545,0.0999289
1000000,100000,1000,0.2,4,"Heuristic 2: sum(max freq over windows)^2",3,5.77512,0.0998992,0.099981
1000000,100000,1000,0.2,5,"Heuristic 3: sum(weighted_bucket_mass)^2",3,5.49339,0.0999306,0.09997
1000000,100000,1000,0.5,0,"Brute Force",3,8.06739,0,0
1000000,100000,1000,0.5,1,"Projection to Binary Alphabet",3,2.52723,0.250338,0.250621
1000000,100000,1000,0.5,2,"Sqrt",3,0.0995386,0,0
1000000,100000,1000,0.5,3,"Heuristic 1: sum(bucket_mass)^2",3,2.21996,0.250278,0.25031
1000000,100000,1000,0.5,4,"Heuristic 2: sum(max freq over windows)^2",3,2.28861,0.250357,0.250446
1000000,100000,1000,0.5,5,"Heuristic 3: sum(weighted_bucket_mass)^2",3,2.28719,0.250445,0.250666
1000000,200000,1000,0.05,0,"Brute Force",3,14.5633,0,0
1000000,200000,1000,0.05,1,"Projection to Binary Alphabet",3,25.146,0.0242628,0.0242796
1000000,200000,1000,0.05,2,"Sqrt",3,0.185029,0,0
1000000,200000,1000,0.05,3,"Heuristic 1: sum(bucket_mass)^2",3,22.2899,0.0243313,0.0243448
1000000,200000,1000,0.05,4,"Heuristic 2: sum(max freq over windows)^2",3,22.7339,0.0243303,0.0244056
1000000,200000,1000,0.05,5,"Heuristic 3: sum(weighted_bucket_mass)^2",3,22.1774,0.0243357,0.0243705
1000000,200000,1000,0.1,0,"Brute Force",3,14.4668,0,0
1000000,200000,1000,0.1,1,"Projection to Binary Alphabet",3,12.2462,0.0493796,0.0493969
1000000,200000,1000,0.1,2,"Sqrt",3,0.172908,0,0
1000000,200000,1000,0.1,3,"Heuristic 1: sum(bucket_mass)^2",3,10.9171,0.0494389,0.0494998
1000000,200000,1000,0.1,4,"Heuristic 2: sum(max freq over windows)^2",3,10.9698,0.0495234,0.0495491
1000000,200000,1000,0.1,5,"Heuristic 3: sum(weighted_bucket_mass)^2",3,11.2397,0.049468,0.0496263
1000000,200000,1000,0.2,0,"Brute Force",3,14.3557,0,0
1000000,200000,1000,0.2,1,"Projection to Binary Alphabet",3,6.20949,0.0995584,0.0996787
1000000,200000,1000,0.2,2,"Sqrt",3,0.178596,0,0
1000000,200000,1000,0.2,3,"Heuristic 1: sum(bucket_mass)^2",3,5.57087,0.099663,0.0997117
1000000,200000,1000,0.2,4,"Heuristic 2: sum(max freq over windows)^2",3,5.58388,0.0996196,0.0996796
1000000,200000,1000,0.2,5,"Heuristic 3: sum(weighted_bucket_mass)^2",3,5.70173,0.0996975,0.0997728
1000000,200000,1000,0.5,0,"Brute Force",3,14.4163,0,0
1000000,200000,1000,0.5,1,"Projection to Binary Alphabet",3,2.46252,0.250021,0.250133
1000000,200000,1000,0.5,2,"Sqrt",3,0.187714,0,0
1000000,200000,1000,0.5,3,"Heuristic 1: sum(bucket_mass)^2",3,2.24895,0.250007,0.250124
1000000,200000,1000,0.5,4,"Heuristic 2: sum(max freq over windows)^2",3,2.33686,0.250131,0.250185
1000000,200000,1000,0.5,5,"Heuristic 3: sum(weighted_bucket_mass)^2",3,2.25546,0.250013,0.25019
1000000,500000,1000,0.05,0,"Brute Force",3,22.7263,0,0
1000000,500000,1000,0.05,1,"Projection to Binary Alphabet",3,24.8075,0.0241564,0.0241639
1000000,500000,1000,0.05,2,"Sqrt",3,0.483125,0,0
1000000,500000,1000,0.05,3,"Heuristic 1: sum(bucket_mass)^2",3,22.6298,0.0242131,0.0242731
1000000,500000,1000,0.05,4,"Heuristic 2: sum(max freq over windows)^2",3,22.6979,0.0242012,0.024223
1000000,500000,1000,0.05,5,"Heuristic 3: sum(weighted_bucket_mass)^2",3,22.6656,0.024271,0.0243152
1000000,500000,1000,0.1,0,"Brute Force",3,22.757,0,0
1000000,500000,1000,0.1,1,"Projection to Binary Alphabet",3,12.5128,0.0492304,0.0492628
1000000,500000,1000,0.1,2,"Sqrt",3,0.456626,0,0
1000000,500000,1000,0.1,3,"Heuristic 1: sum(bucket_mass)^2",3,11.1489,0.0492859,0.0493375
1000000,500000,1000,0.1,4,"Heuristic 2: sum(max freq over windows)^2",3,11.2098,0.0493312,0.0493806
1000000,500000,1000,0.1,5,"Heuristic 3: sum(weighted_bucket_mass)^2",3,11.254,0.0493559,0.0494096
1000000,500000,1000,0.2,0,"Brute Force",3,22.7771,0,0
1000000,500000,1000,0.2,1,"Projection to Binary Alphabet",3,6.36581,0.0993955,0.099419
1000000,500000,1000,0.2,2,"Sqrt",3,0.450909,0,0
1000000,500000,1000,0.2,3,"Heuristic 1: sum(bucket_mass)^2",3,5.56945,0.0994275,0.0994949
1000000,500000,1000,0.2,4,"Heuristic 2: sum(max freq over windows)^2",3,5.62444,0.0994545,0.0994775
1000000,500000,1000,0.2,5,"Heuristic 3: sum(weighted_bucket_mass)^2",3,5.78354,0.099464,0.0996717
1000000,500000,1000,0.5,0,"Brute Force",3,22.765,0,0
1000000,500000,1000,0.5,1,"Projection to Binary Alphabet",3,2.46723,0.249651,0.249693
1000000,500000,1000,0.5,2,"Sqrt",3,0.441912,0,0
1000000,500000,1000,0.5,3,"Heuristic 1: sum(bucket_mass)^2",3,2.20923,0.249703,0.249769
1000000,500000,1000,0.5,4,"Heuristic 2: sum(max freq over windows)^2",3,2.39556,0.249721,0.249773
1000000,500000,1000,0.5,5,"Heuristic 3: sum(weighted_bucket_mass)^2",3,2.3578,0.249702,0.249784
